--
-- PostgreSQL database dump
--

-- Dumped from database version 17.5
-- Dumped by pg_dump version 17.5

SET statement_timeout = 0;
SET lock_timeout = 0;
SET idle_in_transaction_session_timeout = 0;
SET transaction_timeout = 0;
SET client_encoding = 'UTF8';
SET standard_conforming_strings = on;
SELECT pg_catalog.set_config('search_path', '', false);
SET check_function_bodies = false;
SET xmloption = content;
SET client_min_messages = warning;
SET row_security = off;

SET default_tablespace = '';

SET default_table_access_method = heap;

--
-- Name: tbl_company_names; Type: TABLE; Schema: public; Owner: postgres
--

CREATE TABLE public.tbl_company_names (
    id integer NOT NULL,
    name text,
    company_id integer NOT NULL,
    language_id integer NOT NULL,
    add_date timestamp with time zone DEFAULT now() NOT NULL,
    rel_id integer NOT NULL
);


ALTER TABLE public.tbl_company_names OWNER TO postgres;

--
-- Name: compnay_names_id_seq; Type: SEQUENCE; Schema: public; Owner: postgres
--

CREATE SEQUENCE public.compnay_names_id_seq
    AS integer
    START WITH 1
    INCREMENT BY 1
    NO MINVALUE
    NO MAXVALUE
    CACHE 1;


ALTER SEQUENCE public.compnay_names_id_seq OWNER TO postgres;

--
-- Name: compnay_names_id_seq; Type: SEQUENCE OWNED BY; Schema: public; Owner: postgres
--

ALTER SEQUENCE public.compnay_names_id_seq OWNED BY public.tbl_company_names.id;


--
-- Name: tbl_company_ids; Type: TABLE; Schema: public; Owner: postgres
--

CREATE TABLE public.tbl_company_ids (
    id integer NOT NULL,
    add_date timestamp with time zone DEFAULT now() NOT NULL
);


ALTER TABLE public.tbl_company_ids OWNER TO postgres;

--
-- Name: tbl_company_ids_id_seq; Type: SEQUENCE; Schema: public; Owner: postgres
--

CREATE SEQUENCE public.tbl_company_ids_id_seq
    AS integer
    START WITH 1
    INCREMENT BY 1
    NO MINVALUE
    NO MAXVALUE
    CACHE 1;


ALTER SEQUENCE public.tbl_company_ids_id_seq OWNER TO postgres;

--
-- Name: tbl_company_ids_id_seq; Type: SEQUENCE OWNED BY; Schema: public; Owner: postgres
--

ALTER SEQUENCE public.tbl_company_ids_id_seq OWNED BY public.tbl_company_ids.id;


--
-- Name: tbl_company_name_relations; Type: TABLE; Schema: public; Owner: postgres
--

CREATE TABLE public.tbl_company_name_relations (
    id integer NOT NULL,
    name_ids integer[] NOT NULL,
    add_date timestamp with time zone DEFAULT now() NOT NULL,
    company_id integer NOT NULL
);


ALTER TABLE public.tbl_company_name_relations OWNER TO postgres;

--
-- Name: tbl_languages; Type: TABLE; Schema: public; Owner: postgres
--

CREATE TABLE public.tbl_languages (
    id integer NOT NULL,
    language_type text NOT NULL,
    add_date timestamp with time zone DEFAULT now() NOT NULL
);


ALTER TABLE public.tbl_languages OWNER TO postgres;

--
-- Name: tbl_languages_id_seq; Type: SEQUENCE; Schema: public; Owner: postgres
--

CREATE SEQUENCE public.tbl_languages_id_seq
    AS integer
    START WITH 1
    INCREMENT BY 1
    NO MINVALUE
    NO MAXVALUE
    CACHE 1;


ALTER SEQUENCE public.tbl_languages_id_seq OWNER TO postgres;

--
-- Name: tbl_languages_id_seq; Type: SEQUENCE OWNED BY; Schema: public; Owner: postgres
--

ALTER SEQUENCE public.tbl_languages_id_seq OWNED BY public.tbl_languages.id;


--
-- Name: tbl_tag_relations; Type: TABLE; Schema: public; Owner: postgres
--

CREATE TABLE public.tbl_tag_relations (
    id integer NOT NULL,
    tag_ids integer[] NOT NULL,
    add_date timestamp with time zone DEFAULT now() NOT NULL,
    company_id integer NOT NULL
);


ALTER TABLE public.tbl_tag_relations OWNER TO postgres;

--
-- Name: tbl_tag_relation_id_seq; Type: SEQUENCE; Schema: public; Owner: postgres
--

CREATE SEQUENCE public.tbl_tag_relation_id_seq
    AS integer
    START WITH 1
    INCREMENT BY 1
    NO MINVALUE
    NO MAXVALUE
    CACHE 1;


ALTER SEQUENCE public.tbl_tag_relation_id_seq OWNER TO postgres;

--
-- Name: tbl_tag_relation_id_seq; Type: SEQUENCE OWNED BY; Schema: public; Owner: postgres
--

ALTER SEQUENCE public.tbl_tag_relation_id_seq OWNED BY public.tbl_tag_relations.id;


--
-- Name: tbl_tags; Type: TABLE; Schema: public; Owner: postgres
--

CREATE TABLE public.tbl_tags (
    id integer NOT NULL,
    tag_name text NOT NULL,
    language_id integer NOT NULL,
    add_date timestamp with time zone DEFAULT now() NOT NULL,
    rel_id integer NOT NULL,
    company_id integer NOT NULL
);


ALTER TABLE public.tbl_tags OWNER TO postgres;

--
-- Name: tbl_tags_id_seq; Type: SEQUENCE; Schema: public; Owner: postgres
--

CREATE SEQUENCE public.tbl_tags_id_seq
    AS integer
    START WITH 1
    INCREMENT BY 1
    NO MINVALUE
    NO MAXVALUE
    CACHE 1;


ALTER SEQUENCE public.tbl_tags_id_seq OWNER TO postgres;

--
-- Name: tbl_tags_id_seq; Type: SEQUENCE OWNED BY; Schema: public; Owner: postgres
--

ALTER SEQUENCE public.tbl_tags_id_seq OWNED BY public.tbl_tags.id;


--
-- Name: untitled_table_217_id_seq; Type: SEQUENCE; Schema: public; Owner: postgres
--

CREATE SEQUENCE public.untitled_table_217_id_seq
    AS integer
    START WITH 1
    INCREMENT BY 1
    NO MINVALUE
    NO MAXVALUE
    CACHE 1;


ALTER SEQUENCE public.untitled_table_217_id_seq OWNER TO postgres;

--
-- Name: untitled_table_217_id_seq; Type: SEQUENCE OWNED BY; Schema: public; Owner: postgres
--

ALTER SEQUENCE public.untitled_table_217_id_seq OWNED BY public.tbl_company_name_relations.id;


--
-- Name: tbl_company_ids id; Type: DEFAULT; Schema: public; Owner: postgres
--

ALTER TABLE ONLY public.tbl_company_ids ALTER COLUMN id SET DEFAULT nextval('public.tbl_company_ids_id_seq'::regclass);


--
-- Name: tbl_company_name_relations id; Type: DEFAULT; Schema: public; Owner: postgres
--

ALTER TABLE ONLY public.tbl_company_name_relations ALTER COLUMN id SET DEFAULT nextval('public.untitled_table_217_id_seq'::regclass);


--
-- Name: tbl_company_names id; Type: DEFAULT; Schema: public; Owner: postgres
--

ALTER TABLE ONLY public.tbl_company_names ALTER COLUMN id SET DEFAULT nextval('public.compnay_names_id_seq'::regclass);


--
-- Name: tbl_languages id; Type: DEFAULT; Schema: public; Owner: postgres
--

ALTER TABLE ONLY public.tbl_languages ALTER COLUMN id SET DEFAULT nextval('public.tbl_languages_id_seq'::regclass);


--
-- Name: tbl_tag_relations id; Type: DEFAULT; Schema: public; Owner: postgres
--

ALTER TABLE ONLY public.tbl_tag_relations ALTER COLUMN id SET DEFAULT nextval('public.tbl_tag_relation_id_seq'::regclass);


--
-- Name: tbl_tags id; Type: DEFAULT; Schema: public; Owner: postgres
--

ALTER TABLE ONLY public.tbl_tags ALTER COLUMN id SET DEFAULT nextval('public.tbl_tags_id_seq'::regclass);


--
-- Data for Name: tbl_company_ids; Type: TABLE DATA; Schema: public; Owner: postgres
--

COPY public.tbl_company_ids (id, add_date) FROM stdin;
1	2025-06-20 20:17:47.170401+09
2	2025-06-20 20:17:47.200152+09
3	2025-06-20 20:17:47.213276+09
4	2025-06-20 20:17:47.23006+09
5	2025-06-20 20:17:47.237008+09
6	2025-06-20 20:17:47.25343+09
7	2025-06-20 20:17:47.270337+09
8	2025-06-20 20:17:47.276753+09
9	2025-06-20 20:17:47.293548+09
10	2025-06-20 20:17:47.302919+09
11	2025-06-20 20:17:47.31184+09
12	2025-06-20 20:17:47.324746+09
13	2025-06-20 20:17:47.330255+09
14	2025-06-20 20:17:47.344018+09
15	2025-06-20 20:17:47.357197+09
16	2025-06-20 20:17:47.374333+09
17	2025-06-20 20:17:47.387077+09
18	2025-06-20 20:17:47.399724+09
19	2025-06-20 20:17:47.409638+09
20	2025-06-20 20:17:47.420631+09
21	2025-06-20 20:17:47.437677+09
22	2025-06-20 20:17:47.454143+09
23	2025-06-20 20:17:47.470251+09
24	2025-06-20 20:17:47.47604+09
25	2025-06-20 20:17:47.482363+09
26	2025-06-20 20:17:47.500948+09
27	2025-06-20 20:17:47.520459+09
28	2025-06-20 20:17:47.535286+09
29	2025-06-20 20:17:47.554658+09
30	2025-06-20 20:17:47.568125+09
31	2025-06-20 20:17:47.581285+09
32	2025-06-20 20:17:47.598176+09
33	2025-06-20 20:17:47.607595+09
34	2025-06-20 20:17:47.613618+09
35	2025-06-20 20:17:47.632254+09
36	2025-06-20 20:17:47.643436+09
37	2025-06-20 20:17:47.659835+09
38	2025-06-20 20:17:47.673711+09
39	2025-06-20 20:17:47.684782+09
40	2025-06-20 20:17:47.70143+09
41	2025-06-20 20:17:47.706956+09
42	2025-06-20 20:17:47.7125+09
43	2025-06-20 20:17:47.729585+09
44	2025-06-20 20:17:47.743325+09
45	2025-06-20 20:17:47.760467+09
46	2025-06-20 20:17:47.766235+09
47	2025-06-20 20:17:47.775696+09
48	2025-06-20 20:17:47.794318+09
49	2025-06-20 20:17:47.804235+09
50	2025-06-20 20:17:47.811431+09
51	2025-06-20 20:17:47.824671+09
52	2025-06-20 20:17:47.84222+09
53	2025-06-20 20:17:47.849109+09
54	2025-06-20 20:17:47.859972+09
55	2025-06-20 20:17:47.878569+09
56	2025-06-20 20:17:47.888118+09
57	2025-06-20 20:17:47.901198+09
58	2025-06-20 20:17:47.907103+09
59	2025-06-20 20:17:47.912835+09
60	2025-06-20 20:17:47.918885+09
61	2025-06-20 20:17:47.929624+09
62	2025-06-20 20:17:47.938934+09
63	2025-06-20 20:17:47.95241+09
64	2025-06-20 20:17:47.961716+09
65	2025-06-20 20:17:47.97913+09
66	2025-06-20 20:17:47.992131+09
67	2025-06-20 20:17:48.005251+09
68	2025-06-20 20:17:48.018149+09
69	2025-06-20 20:17:48.024084+09
70	2025-06-20 20:17:48.03008+09
71	2025-06-20 20:17:48.040379+09
72	2025-06-20 20:17:48.050058+09
73	2025-06-20 20:17:48.05562+09
74	2025-06-20 20:17:48.065421+09
75	2025-06-20 20:17:48.082561+09
76	2025-06-20 20:17:48.092757+09
77	2025-06-20 20:17:48.109675+09
78	2025-06-20 20:17:48.123148+09
79	2025-06-20 20:17:48.139796+09
80	2025-06-20 20:17:48.146018+09
81	2025-06-20 20:17:48.151727+09
82	2025-06-20 20:17:48.165467+09
83	2025-06-20 20:17:48.175356+09
84	2025-06-20 20:17:48.184667+09
85	2025-06-20 20:17:48.197495+09
86	2025-06-20 20:17:48.203333+09
87	2025-06-20 20:17:48.209027+09
88	2025-06-20 20:17:48.214584+09
89	2025-06-20 20:17:48.223905+09
90	2025-06-20 20:17:48.232906+09
91	2025-06-20 20:17:48.238817+09
92	2025-06-20 20:17:48.255948+09
93	2025-06-20 20:17:48.269194+09
94	2025-06-20 20:17:48.285636+09
95	2025-06-20 20:17:48.295205+09
96	2025-06-20 20:17:48.311642+09
97	2025-06-20 20:17:48.321624+09
98	2025-06-20 20:17:48.327879+09
99	2025-06-20 20:17:48.346437+09
100	2025-06-20 20:17:48.363488+09
\.


--
-- Data for Name: tbl_company_name_relations; Type: TABLE DATA; Schema: public; Owner: postgres
--

COPY public.tbl_company_name_relations (id, name_ids, add_date, company_id) FROM stdin;
48	{54}	2025-06-20 20:17:47.794318+09	48
1	{1}	2025-06-20 20:17:47.170401+09	1
2	{2}	2025-06-20 20:17:47.200152+09	2
3	{3}	2025-06-20 20:17:47.213276+09	3
4	{4,5}	2025-06-20 20:17:47.23006+09	4
5	{6}	2025-06-20 20:17:47.237008+09	5
6	{7}	2025-06-20 20:17:47.25343+09	6
7	{8}	2025-06-20 20:17:47.270337+09	7
8	{9}	2025-06-20 20:17:47.276753+09	8
9	{10}	2025-06-20 20:17:47.293548+09	9
10	{11}	2025-06-20 20:17:47.302919+09	10
11	{12}	2025-06-20 20:17:47.31184+09	11
12	{13}	2025-06-20 20:17:47.324746+09	12
49	{55}	2025-06-20 20:17:47.804235+09	49
13	{14,15}	2025-06-20 20:17:47.330255+09	13
14	{16}	2025-06-20 20:17:47.344018+09	14
15	{17,18}	2025-06-20 20:17:47.357197+09	15
16	{19}	2025-06-20 20:17:47.374333+09	16
17	{20}	2025-06-20 20:17:47.387077+09	17
18	{21}	2025-06-20 20:17:47.399724+09	18
19	{22}	2025-06-20 20:17:47.409638+09	19
20	{23}	2025-06-20 20:17:47.420631+09	20
21	{24}	2025-06-20 20:17:47.437677+09	21
22	{25}	2025-06-20 20:17:47.454143+09	22
23	{26}	2025-06-20 20:17:47.470251+09	23
24	{27}	2025-06-20 20:17:47.47604+09	24
25	{28}	2025-06-20 20:17:47.482363+09	25
26	{29}	2025-06-20 20:17:47.500948+09	26
27	{30}	2025-06-20 20:17:47.520459+09	27
50	{56}	2025-06-20 20:17:47.811431+09	50
28	{31,32}	2025-06-20 20:17:47.535286+09	28
29	{33}	2025-06-20 20:17:47.554658+09	29
30	{34}	2025-06-20 20:17:47.568125+09	30
31	{35}	2025-06-20 20:17:47.581285+09	31
32	{36}	2025-06-20 20:17:47.598176+09	32
33	{37}	2025-06-20 20:17:47.607595+09	33
34	{38}	2025-06-20 20:17:47.613618+09	34
35	{39,40}	2025-06-20 20:17:47.632254+09	35
36	{41}	2025-06-20 20:17:47.643436+09	36
37	{42}	2025-06-20 20:17:47.659835+09	37
51	{57}	2025-06-20 20:17:47.824671+09	51
38	{43,44}	2025-06-20 20:17:47.673711+09	38
39	{45}	2025-06-20 20:17:47.684782+09	39
40	{46}	2025-06-20 20:17:47.70143+09	40
41	{47}	2025-06-20 20:17:47.706956+09	41
42	{48}	2025-06-20 20:17:47.7125+09	42
43	{49}	2025-06-20 20:17:47.729585+09	43
44	{50}	2025-06-20 20:17:47.743325+09	44
45	{51}	2025-06-20 20:17:47.760467+09	45
46	{52}	2025-06-20 20:17:47.766235+09	46
47	{53}	2025-06-20 20:17:47.775696+09	47
71	{80}	2025-06-20 20:17:48.040379+09	71
52	{58,59}	2025-06-20 20:17:47.84222+09	52
53	{60}	2025-06-20 20:17:47.849109+09	53
54	{61}	2025-06-20 20:17:47.859972+09	54
55	{62}	2025-06-20 20:17:47.878569+09	55
56	{63}	2025-06-20 20:17:47.888118+09	56
57	{64}	2025-06-20 20:17:47.901198+09	57
58	{65}	2025-06-20 20:17:47.907103+09	58
59	{66}	2025-06-20 20:17:47.912835+09	59
72	{81}	2025-06-20 20:17:48.050058+09	72
60	{67,68,69}	2025-06-20 20:17:47.918885+09	60
61	{70}	2025-06-20 20:17:47.929624+09	61
62	{71}	2025-06-20 20:17:47.938934+09	62
63	{72}	2025-06-20 20:17:47.95241+09	63
64	{73}	2025-06-20 20:17:47.961716+09	64
65	{74}	2025-06-20 20:17:47.97913+09	65
66	{75}	2025-06-20 20:17:47.992131+09	66
67	{76}	2025-06-20 20:17:48.005251+09	67
68	{77}	2025-06-20 20:17:48.018149+09	68
69	{78}	2025-06-20 20:17:48.024084+09	69
70	{79}	2025-06-20 20:17:48.03008+09	70
73	{82}	2025-06-20 20:17:48.05562+09	73
74	{83}	2025-06-20 20:17:48.065421+09	74
75	{84}	2025-06-20 20:17:48.082561+09	75
76	{85}	2025-06-20 20:17:48.092757+09	76
77	{86}	2025-06-20 20:17:48.109675+09	77
78	{87}	2025-06-20 20:17:48.123148+09	78
79	{88}	2025-06-20 20:17:48.139796+09	79
80	{89}	2025-06-20 20:17:48.146018+09	80
81	{90}	2025-06-20 20:17:48.151727+09	81
82	{91}	2025-06-20 20:17:48.165467+09	82
83	{92}	2025-06-20 20:17:48.175356+09	83
84	{93}	2025-06-20 20:17:48.184667+09	84
85	{94}	2025-06-20 20:17:48.197495+09	85
86	{95}	2025-06-20 20:17:48.203333+09	86
87	{96}	2025-06-20 20:17:48.209027+09	87
88	{97}	2025-06-20 20:17:48.214584+09	88
89	{98}	2025-06-20 20:17:48.223905+09	89
90	{99}	2025-06-20 20:17:48.232906+09	90
91	{100}	2025-06-20 20:17:48.238817+09	91
92	{101}	2025-06-20 20:17:48.255948+09	92
93	{102}	2025-06-20 20:17:48.269194+09	93
94	{103}	2025-06-20 20:17:48.285636+09	94
95	{104}	2025-06-20 20:17:48.295205+09	95
96	{105}	2025-06-20 20:17:48.311642+09	96
97	{106}	2025-06-20 20:17:48.321624+09	97
98	{107}	2025-06-20 20:17:48.327879+09	98
99	{108}	2025-06-20 20:17:48.346437+09	99
100	{109}	2025-06-20 20:17:48.363488+09	100
\.


--
-- Data for Name: tbl_company_names; Type: TABLE DATA; Schema: public; Owner: postgres
--

COPY public.tbl_company_names (id, name, company_id, language_id, add_date, rel_id) FROM stdin;
1	code post	1	1	2025-06-20 20:17:47.170401+09	1
2	OKAY.com	2	3	2025-06-20 20:17:47.200152+09	2
3	이상한마케팅	3	1	2025-06-20 20:17:47.213276+09	3
4	인포뱅크	4	1	2025-06-20 20:17:47.23006+09	4
5	infobank	4	3	2025-06-20 20:17:47.23006+09	4
6	아이씨그룹	5	1	2025-06-20 20:17:47.237008+09	5
7	딤딤섬 대구점	6	1	2025-06-20 20:17:47.25343+09	6
8	파운데이션엑스	7	1	2025-06-20 20:17:47.270337+09	7
9	엣지랭크	8	1	2025-06-20 20:17:47.276753+09	8
10	커넥티어	9	1	2025-06-20 20:17:47.293548+09	9
11	자버(Jober)	10	1	2025-06-20 20:17:47.302919+09	10
12	앨리스헬스케어	11	1	2025-06-20 20:17:47.31184+09	11
13	(주)몬스터스튜디오	12	1	2025-06-20 20:17:47.324746+09	12
14	SM Entertainment Japan	13	1	2025-06-20 20:17:47.330255+09	13
15	株式会社SM Entertainment Japan	13	2	2025-06-20 20:17:47.330255+09	13
16	쿠차	14	1	2025-06-20 20:17:47.344018+09	14
17	ZMP	15	1	2025-06-20 20:17:47.357197+09	15
18	株式会社ZMP	15	2	2025-06-20 20:17:47.357197+09	15
19	몽키랩	16	1	2025-06-20 20:17:47.374333+09	16
20	와이케이비앤씨	17	1	2025-06-20 20:17:47.387077+09	17
21	코츠테크놀로지	18	1	2025-06-20 20:17:47.399724+09	18
22	비고라이브	19	1	2025-06-20 20:17:47.409638+09	19
23	크로싱	20	1	2025-06-20 20:17:47.420631+09	20
24	트리노드	21	1	2025-06-20 20:17:47.437677+09	21
25	와이즈키즈(wisekids)	22	1	2025-06-20 20:17:47.454143+09	22
26	Obelab	23	1	2025-06-20 20:17:47.470251+09	23
27	Foodpanda	24	3	2025-06-20 20:17:47.47604+09	24
28	웹티즌	25	1	2025-06-20 20:17:47.482363+09	25
29	마이셀럽스	26	1	2025-06-20 20:17:47.500948+09	26
30	데이터얼라이언스(DataAlliance)	27	1	2025-06-20 20:17:47.520459+09	27
31	쿼드자산운용	28	1	2025-06-20 20:17:47.535286+09	28
32	쿼드자산운용	28	3	2025-06-20 20:17:47.535286+09	28
33	주식회사 링크드코리아	29	1	2025-06-20 20:17:47.554658+09	29
34	주렁주렁(zoolungzoolung)	30	1	2025-06-20 20:17:47.568125+09	30
35	Amore Pacific_TEST	31	3	2025-06-20 20:17:47.581285+09	31
36	Luna Marketing Group	32	3	2025-06-20 20:17:47.598176+09	32
37	동신항운	33	1	2025-06-20 20:17:47.607595+09	33
38	히숲	34	1	2025-06-20 20:17:47.613618+09	34
39	COVENANT	35	1	2025-06-20 20:17:47.632254+09	35
40	COVENANT	35	3	2025-06-20 20:17:47.632254+09	35
41	젠틀파이	36	1	2025-06-20 20:17:47.643436+09	36
42	아크로고스	37	1	2025-06-20 20:17:47.659835+09	37
43	페르소나미디어	38	1	2025-06-20 20:17:47.673711+09	38
44	Persona Media	38	3	2025-06-20 20:17:47.673711+09	38
45	Rejoice Pregnancy	39	3	2025-06-20 20:17:47.684782+09	39
46	The Wave	40	3	2025-06-20 20:17:47.70143+09	40
47	CoCoon Foundation	41	3	2025-06-20 20:17:47.706956+09	41
48	스트라다월드와이드(Strada)	42	1	2025-06-20 20:17:47.7125+09	42
49	도빗(Dobbit)	43	1	2025-06-20 20:17:47.729585+09	43
50	지란지교시큐리티	44	1	2025-06-20 20:17:47.743325+09	44
51	캠퍼스멘토	45	1	2025-06-20 20:17:47.760467+09	45
52	삼일제약	46	1	2025-06-20 20:17:47.766235+09	46
53	제이에이치개발	47	1	2025-06-20 20:17:47.775696+09	47
54	오케이코인코리아	48	1	2025-06-20 20:17:47.794318+09	48
55	그릿연구소	49	1	2025-06-20 20:17:47.804235+09	49
56	세계정부 世界政府	50	1	2025-06-20 20:17:47.811431+09	50
57	투게더앱스	51	1	2025-06-20 20:17:47.824671+09	51
58	Dream Agility	52	1	2025-06-20 20:17:47.84222+09	52
59	Dream Agility	52	3	2025-06-20 20:17:47.84222+09	52
60	대성시스템	53	1	2025-06-20 20:17:47.849109+09	53
61	바이럴네이션	54	1	2025-06-20 20:17:47.859972+09	54
62	오가나셀	55	1	2025-06-20 20:17:47.878569+09	55
63	디토나인	56	1	2025-06-20 20:17:47.888118+09	56
64	Haulio	57	3	2025-06-20 20:17:47.901198+09	57
65	대상홀딩스(주) - existing	58	1	2025-06-20 20:17:47.907103+09	58
66	만나씨이에이	59	1	2025-06-20 20:17:47.912835+09	59
67	지오코리아(페루관광청)	60	1	2025-06-20 20:17:47.918885+09	60
68	GEOCM Co.	60	3	2025-06-20 20:17:47.918885+09	60
69	GEOCM	60	2	2025-06-20 20:17:47.918885+09	60
70	KFC Korea	61	1	2025-06-20 20:17:47.929624+09	61
71	까브드뱅(Cave de Vin)	62	1	2025-06-20 20:17:47.938934+09	62
72	홈스토리생활	63	1	2025-06-20 20:17:47.95241+09	63
73	아이엠에이치씨(IMHC)	64	1	2025-06-20 20:17:47.961716+09	64
74	플라이트그래프-탈퇴	65	1	2025-06-20 20:17:47.97913+09	65
75	YG PLUS	66	1	2025-06-20 20:17:47.992131+09	66
76	우리말소프트	67	1	2025-06-20 20:17:48.005251+09	67
77	아로마티카	68	1	2025-06-20 20:17:48.018149+09	68
78	Private Organization	69	3	2025-06-20 20:17:48.024084+09	69
79	스피링크	70	1	2025-06-20 20:17:48.03008+09	70
80	Onion Ground	71	1	2025-06-20 20:17:48.040379+09	71
81	브레이브팝스	72	1	2025-06-20 20:17:48.050058+09	72
82	Bidalgo	73	1	2025-06-20 20:17:48.05562+09	73
83	티엠씨케이	74	1	2025-06-20 20:17:48.065421+09	74
84	(주) 휴톰-중복	75	1	2025-06-20 20:17:48.082561+09	75
85	Chengbao	76	3	2025-06-20 20:17:48.092757+09	76
86	헬프미	77	1	2025-06-20 20:17:48.109675+09	77
87	(주) 새론다이내믹스	78	1	2025-06-20 20:17:48.123148+09	78
88	마상소프트	79	1	2025-06-20 20:17:48.139796+09	79
89	(주)아임블록	80	1	2025-06-20 20:17:48.146018+09	80
90	(주)이모션글로벌-중복	81	1	2025-06-20 20:17:48.151727+09	81
91	Altagram	82	1	2025-06-20 20:17:48.165467+09	82
92	이베스트투자증권	83	1	2025-06-20 20:17:48.175356+09	83
93	소굿마케팅	84	1	2025-06-20 20:17:48.184667+09	84
94	Grab	85	3	2025-06-20 20:17:48.197495+09	85
95	HK Yau	86	3	2025-06-20 20:17:48.203333+09	86
96	더락포트컴퍼니코리아-중복	87	1	2025-06-20 20:17:48.209027+09	87
97	휴마트컴퍼니	88	1	2025-06-20 20:17:48.214584+09	88
98	디센터	89	1	2025-06-20 20:17:48.223905+09	89
99	컬쳐히어로	90	1	2025-06-20 20:17:48.232906+09	90
100	보비어스코리아	91	1	2025-06-20 20:17:48.238817+09	91
101	베이글랩스	92	1	2025-06-20 20:17:48.255948+09	92
102	Katalis Digital	93	3	2025-06-20 20:17:48.269194+09	93
103	애디터(Additor)	94	1	2025-06-20 20:17:48.285636+09	94
104	Avanade Asia Pte Ltd	95	3	2025-06-20 20:17:48.295205+09	95
105	500V2	96	1	2025-06-20 20:17:48.311642+09	96
106	플라이앤컴퍼니(푸드플라이)	97	1	2025-06-20 20:17:48.321624+09	97
107	영우디지탈-중복	98	1	2025-06-20 20:17:48.327879+09	98
108	Machipopo Inc.	99	3	2025-06-20 20:17:48.346437+09	99
109	시니어벤처스	100	1	2025-06-20 20:17:48.363488+09	100
\.


--
-- Data for Name: tbl_languages; Type: TABLE DATA; Schema: public; Owner: postgres
--

COPY public.tbl_languages (id, language_type, add_date) FROM stdin;
1	ko	2025-06-20 20:17:47.166908+09
2	ja	2025-06-20 20:17:47.183627+09
3	en	2025-06-20 20:17:47.183627+09
\.


--
-- Data for Name: tbl_tag_relations; Type: TABLE DATA; Schema: public; Owner: postgres
--

COPY public.tbl_tag_relations (id, tag_ids, add_date, company_id) FROM stdin;
21	{61,62,63}	2025-06-20 20:17:47.279242+09	8
67	{199,200,201}	2025-06-20 20:17:47.48454+09	25
22	{64,65,66}	2025-06-20 20:17:47.282666+09	8
39	{115,116,117}	2025-06-20 20:17:47.360105+09	15
23	{67,68,69}	2025-06-20 20:17:47.286225+09	8
52	{154,155,156}	2025-06-20 20:17:47.415984+09	19
1	{1,2,3}	2025-06-20 20:17:47.185498+09	1
24	{70,71,72}	2025-06-20 20:17:47.289746+09	8
2	{4,5,6}	2025-06-20 20:17:47.192227+09	1
40	{118,119,120}	2025-06-20 20:17:47.364077+09	15
3	{7,8,9}	2025-06-20 20:17:47.196161+09	1
25	{73,74,75}	2025-06-20 20:17:47.295678+09	9
4	{10,11,12}	2025-06-20 20:17:47.202497+09	2
61	{181,182,183}	2025-06-20 20:17:47.456266+09	22
5	{13,14,15}	2025-06-20 20:17:47.20597+09	2
26	{76,77,78}	2025-06-20 20:17:47.299273+09	9
6	{16,17,18}	2025-06-20 20:17:47.209375+09	2
41	{121,122,123}	2025-06-20 20:17:47.367449+09	15
7	{19,20,21}	2025-06-20 20:17:47.215849+09	3
27	{79,80,81}	2025-06-20 20:17:47.305004+09	10
8	{22,23,24}	2025-06-20 20:17:47.219642+09	3
53	{157,158,159}	2025-06-20 20:17:47.423189+09	20
9	{25,26,27}	2025-06-20 20:17:47.223078+09	3
28	{82,83,84}	2025-06-20 20:17:47.308505+09	10
10	{28,29,30}	2025-06-20 20:17:47.22649+09	3
42	{124,125,126}	2025-06-20 20:17:47.370985+09	15
11	{31,32,33}	2025-06-20 20:17:47.23325+09	4
29	{85,86,87}	2025-06-20 20:17:47.313903+09	11
12	{34,35,36}	2025-06-20 20:17:47.239298+09	5
75	{223,224,225}	2025-06-20 20:17:47.522945+09	27
13	{37,38,39}	2025-06-20 20:17:47.242655+09	5
30	{88,89,90}	2025-06-20 20:17:47.31748+09	11
14	{40,41,42}	2025-06-20 20:17:47.246247+09	5
43	{127,128,129}	2025-06-20 20:17:47.376462+09	16
15	{43,44,45}	2025-06-20 20:17:47.250014+09	5
31	{91,92,93}	2025-06-20 20:17:47.32085+09	11
16	{46,47,48}	2025-06-20 20:17:47.255607+09	6
54	{160,161,162}	2025-06-20 20:17:47.426752+09	20
17	{49,50,51}	2025-06-20 20:17:47.259487+09	6
32	{94,95,96}	2025-06-20 20:17:47.326877+09	12
18	{52,53,54}	2025-06-20 20:17:47.263147+09	6
44	{130,131,132}	2025-06-20 20:17:47.379807+09	16
19	{55,56,57}	2025-06-20 20:17:47.266633+09	6
33	{97,98,99}	2025-06-20 20:17:47.333166+09	13
20	{58,59,60}	2025-06-20 20:17:47.272529+09	7
62	{184,185,186}	2025-06-20 20:17:47.459669+09	22
45	{133,134,135}	2025-06-20 20:17:47.383397+09	16
34	{100,101,102}	2025-06-20 20:17:47.33648+09	13
55	{163,164,165}	2025-06-20 20:17:47.43042+09	20
35	{103,104,105}	2025-06-20 20:17:47.340221+09	13
46	{136,137,138}	2025-06-20 20:17:47.389226+09	17
36	{106,107,108}	2025-06-20 20:17:47.346129+09	14
68	{202,203,204}	2025-06-20 20:17:47.48824+09	25
37	{109,110,111}	2025-06-20 20:17:47.350089+09	14
47	{139,140,141}	2025-06-20 20:17:47.39259+09	17
38	{112,113,114}	2025-06-20 20:17:47.353577+09	14
56	{166,167,168}	2025-06-20 20:17:47.434234+09	20
48	{142,143,144}	2025-06-20 20:17:47.396219+09	17
63	{187,188,189}	2025-06-20 20:17:47.463275+09	22
49	{145,146,147}	2025-06-20 20:17:47.402309+09	18
57	{169,170,171}	2025-06-20 20:17:47.439827+09	21
50	{148,149,150}	2025-06-20 20:17:47.40589+09	18
72	{214,215,216}	2025-06-20 20:17:47.508116+09	26
51	{151,152,153}	2025-06-20 20:17:47.412088+09	19
58	{172,173,174}	2025-06-20 20:17:47.44341+09	21
64	{190,191,192}	2025-06-20 20:17:47.466876+09	22
59	{175,176,177}	2025-06-20 20:17:47.446856+09	21
69	{205,206,207}	2025-06-20 20:17:47.49194+09	25
60	{178,179,180}	2025-06-20 20:17:47.450456+09	21
65	{193,194,195}	2025-06-20 20:17:47.472319+09	23
77	{229,230,231}	2025-06-20 20:17:47.531186+09	27
66	{196,197,198}	2025-06-20 20:17:47.478445+09	24
73	{217,218,219}	2025-06-20 20:17:47.512305+09	26
70	{208,209,210}	2025-06-20 20:17:47.496149+09	25
76	{226,227,228}	2025-06-20 20:17:47.527017+09	27
71	{211,212,213}	2025-06-20 20:17:47.503919+09	26
74	{220,221,222}	2025-06-20 20:17:47.516224+09	26
80	{238,239,240}	2025-06-20 20:17:47.54696+09	28
79	{235,236,237}	2025-06-20 20:17:47.54298+09	28
78	{232,233,234}	2025-06-20 20:17:47.538812+09	28
81	{241,242,243}	2025-06-20 20:17:47.550992+09	28
82	{244,245,246}	2025-06-20 20:17:47.556835+09	29
83	{247,248,249}	2025-06-20 20:17:47.560795+09	29
84	{250,251,252}	2025-06-20 20:17:47.564321+09	29
85	{253,254,255}	2025-06-20 20:17:47.570436+09	30
86	{256,257,258}	2025-06-20 20:17:47.574278+09	30
87	{259,260,261}	2025-06-20 20:17:47.577811+09	30
88	{262,263,264}	2025-06-20 20:17:47.583504+09	31
89	{265,266,267}	2025-06-20 20:17:47.587273+09	31
90	{268,269,270}	2025-06-20 20:17:47.590892+09	31
114	{340,341,342}	2025-06-20 20:17:47.703579+09	40
91	{271,272,273}	2025-06-20 20:17:47.594291+09	31
162	{484,485,486}	2025-06-20 20:17:47.935404+09	61
143	{427,428,429}	2025-06-20 20:17:47.838018+09	51
92	{274,275,276}	2025-06-20 20:17:47.600369+09	32
115	{343,344,345}	2025-06-20 20:17:47.709061+09	41
93	{277,278,279}	2025-06-20 20:17:47.603783+09	32
131	{391,392,393}	2025-06-20 20:17:47.782797+09	47
94	{280,281,282}	2025-06-20 20:17:47.609821+09	33
116	{346,347,348}	2025-06-20 20:17:47.714895+09	42
95	{283,284,285}	2025-06-20 20:17:47.616459+09	34
158	{472,473,474}	2025-06-20 20:17:47.914973+09	59
96	{286,287,288}	2025-06-20 20:17:47.620984+09	34
117	{349,350,351}	2025-06-20 20:17:47.718295+09	42
97	{289,290,291}	2025-06-20 20:17:47.624909+09	34
132	{394,395,396}	2025-06-20 20:17:47.786621+09	47
98	{292,293,294}	2025-06-20 20:17:47.628355+09	34
118	{352,353,354}	2025-06-20 20:17:47.72201+09	42
99	{295,296,297}	2025-06-20 20:17:47.635278+09	35
152	{454,455,456}	2025-06-20 20:17:47.88449+09	55
144	{430,431,432}	2025-06-20 20:17:47.845168+09	52
100	{298,299,300}	2025-06-20 20:17:47.639563+09	35
119	{355,356,357}	2025-06-20 20:17:47.72585+09	42
101	{301,302,303}	2025-06-20 20:17:47.645543+09	36
133	{397,398,399}	2025-06-20 20:17:47.790504+09	47
102	{304,305,306}	2025-06-20 20:17:47.649183+09	36
120	{358,359,360}	2025-06-20 20:17:47.732005+09	43
103	{307,308,309}	2025-06-20 20:17:47.652993+09	36
104	{310,311,312}	2025-06-20 20:17:47.656397+09	36
121	{361,362,363}	2025-06-20 20:17:47.735564+09	43
105	{313,314,315}	2025-06-20 20:17:47.661973+09	37
134	{400,401,402}	2025-06-20 20:17:47.796813+09	48
106	{316,317,318}	2025-06-20 20:17:47.665342+09	37
122	{364,365,366}	2025-06-20 20:17:47.739477+09	43
107	{319,320,321}	2025-06-20 20:17:47.669361+09	37
145	{433,434,435}	2025-06-20 20:17:47.85154+09	53
108	{322,323,324}	2025-06-20 20:17:47.677008+09	38
123	{367,368,369}	2025-06-20 20:17:47.745668+09	44
109	{325,326,327}	2025-06-20 20:17:47.680742+09	38
135	{403,404,405}	2025-06-20 20:17:47.800364+09	48
110	{328,329,330}	2025-06-20 20:17:47.686983+09	39
124	{370,371,372}	2025-06-20 20:17:47.749173+09	44
111	{331,332,333}	2025-06-20 20:17:47.690706+09	39
112	{334,335,336}	2025-06-20 20:17:47.694113+09	39
125	{373,374,375}	2025-06-20 20:17:47.75329+09	44
113	{337,338,339}	2025-06-20 20:17:47.697618+09	39
136	{406,407,408}	2025-06-20 20:17:47.806461+09	49
153	{457,458,459}	2025-06-20 20:17:47.890353+09	56
146	{436,437,438}	2025-06-20 20:17:47.855323+09	53
126	{376,377,378}	2025-06-20 20:17:47.756784+09	44
137	{409,410,411}	2025-06-20 20:17:47.81376+09	50
127	{379,380,381}	2025-06-20 20:17:47.76265+09	45
128	{382,383,384}	2025-06-20 20:17:47.768562+09	46
138	{412,413,414}	2025-06-20 20:17:47.817269+09	50
129	{385,386,387}	2025-06-20 20:17:47.772193+09	46
165	{493,494,495}	2025-06-20 20:17:47.948231+09	62
147	{439,440,441}	2025-06-20 20:17:47.862719+09	54
130	{388,389,390}	2025-06-20 20:17:47.778501+09	47
139	{415,416,417}	2025-06-20 20:17:47.820953+09	50
159	{475,476,477}	2025-06-20 20:17:47.922754+09	60
140	{418,419,420}	2025-06-20 20:17:47.827036+09	51
154	{460,461,462}	2025-06-20 20:17:47.894213+09	56
148	{442,443,444}	2025-06-20 20:17:47.866681+09	54
141	{421,422,423}	2025-06-20 20:17:47.830708+09	51
142	{424,425,426}	2025-06-20 20:17:47.834589+09	51
149	{445,446,447}	2025-06-20 20:17:47.870615+09	54
155	{463,464,465}	2025-06-20 20:17:47.89775+09	56
150	{448,449,450}	2025-06-20 20:17:47.874758+09	54
163	{487,488,489}	2025-06-20 20:17:47.941074+09	62
160	{478,479,480}	2025-06-20 20:17:47.926205+09	60
151	{451,452,453}	2025-06-20 20:17:47.880899+09	55
156	{466,467,468}	2025-06-20 20:17:47.903505+09	57
157	{469,470,471}	2025-06-20 20:17:47.909338+09	58
167	{499,500,501}	2025-06-20 20:17:47.958061+09	63
161	{481,482,483}	2025-06-20 20:17:47.931743+09	61
166	{496,497,498}	2025-06-20 20:17:47.954605+09	63
164	{490,491,492}	2025-06-20 20:17:47.94449+09	62
170	{508,509,510}	2025-06-20 20:17:47.972078+09	64
169	{505,506,507}	2025-06-20 20:17:47.968274+09	64
168	{502,503,504}	2025-06-20 20:17:47.964534+09	64
171	{511,512,513}	2025-06-20 20:17:47.975651+09	64
172	{514,515,516}	2025-06-20 20:17:47.98126+09	65
173	{517,518,519}	2025-06-20 20:17:47.985064+09	65
174	{520,521,522}	2025-06-20 20:17:47.98865+09	65
175	{523,524,525}	2025-06-20 20:17:47.994267+09	66
176	{526,527,528}	2025-06-20 20:17:47.997968+09	66
177	{529,530,531}	2025-06-20 20:17:48.001476+09	66
178	{532,533,534}	2025-06-20 20:17:48.007679+09	67
179	{535,536,537}	2025-06-20 20:17:48.011137+09	67
180	{538,539,540}	2025-06-20 20:17:48.014732+09	67
204	{610,611,612}	2025-06-20 20:17:48.12895+09	78
181	{541,542,543}	2025-06-20 20:17:48.020507+09	68
252	{754,755,756}	2025-06-20 20:17:48.352291+09	99
233	{697,698,699}	2025-06-20 20:17:48.265364+09	92
182	{544,545,546}	2025-06-20 20:17:48.026231+09	69
205	{613,614,615}	2025-06-20 20:17:48.132363+09	78
183	{547,548,549}	2025-06-20 20:17:48.032271+09	70
221	{661,662,663}	2025-06-20 20:17:48.21117+09	87
184	{550,551,552}	2025-06-20 20:17:48.036378+09	70
206	{616,617,618}	2025-06-20 20:17:48.135851+09	78
185	{553,554,555}	2025-06-20 20:17:48.042534+09	71
248	{742,743,744}	2025-06-20 20:17:48.334316+09	98
186	{556,557,558}	2025-06-20 20:17:48.046634+09	71
207	{619,620,621}	2025-06-20 20:17:48.142129+09	79
187	{559,560,561}	2025-06-20 20:17:48.052204+09	72
222	{664,665,666}	2025-06-20 20:17:48.216699+09	88
188	{562,563,564}	2025-06-20 20:17:48.057743+09	73
208	{622,623,624}	2025-06-20 20:17:48.148247+09	80
189	{565,566,567}	2025-06-20 20:17:48.061599+09	73
242	{724,725,726}	2025-06-20 20:17:48.304414+09	95
234	{700,701,702}	2025-06-20 20:17:48.271335+09	93
190	{568,569,570}	2025-06-20 20:17:48.067788+09	74
209	{625,626,627}	2025-06-20 20:17:48.153895+09	81
191	{571,572,573}	2025-06-20 20:17:48.071487+09	74
223	{667,668,669}	2025-06-20 20:17:48.220443+09	88
192	{574,575,576}	2025-06-20 20:17:48.075045+09	74
210	{628,629,630}	2025-06-20 20:17:48.157808+09	81
193	{577,578,579}	2025-06-20 20:17:48.078876+09	74
194	{580,581,582}	2025-06-20 20:17:48.084953+09	75
211	{631,632,633}	2025-06-20 20:17:48.16167+09	81
195	{583,584,585}	2025-06-20 20:17:48.088923+09	75
224	{670,671,672}	2025-06-20 20:17:48.226081+09	89
196	{586,587,588}	2025-06-20 20:17:48.095073+09	76
212	{634,635,636}	2025-06-20 20:17:48.167901+09	82
197	{589,590,591}	2025-06-20 20:17:48.098546+09	76
235	{703,704,705}	2025-06-20 20:17:48.274724+09	93
198	{592,593,594}	2025-06-20 20:17:48.101956+09	76
213	{637,638,639}	2025-06-20 20:17:48.171484+09	82
199	{595,596,597}	2025-06-20 20:17:48.105655+09	76
225	{673,674,675}	2025-06-20 20:17:48.229503+09	89
200	{598,599,600}	2025-06-20 20:17:48.112042+09	77
214	{640,641,642}	2025-06-20 20:17:48.177545+09	83
201	{601,602,603}	2025-06-20 20:17:48.11575+09	77
202	{604,605,606}	2025-06-20 20:17:48.119649+09	77
215	{643,644,645}	2025-06-20 20:17:48.181011+09	83
203	{607,608,609}	2025-06-20 20:17:48.125531+09	78
226	{676,677,678}	2025-06-20 20:17:48.235057+09	90
243	{727,728,729}	2025-06-20 20:17:48.308158+09	95
236	{706,707,708}	2025-06-20 20:17:48.278483+09	93
216	{646,647,648}	2025-06-20 20:17:48.186819+09	84
227	{679,680,681}	2025-06-20 20:17:48.240993+09	91
217	{649,650,651}	2025-06-20 20:17:48.190592+09	84
218	{652,653,654}	2025-06-20 20:17:48.194044+09	84
228	{682,683,684}	2025-06-20 20:17:48.244451+09	91
219	{655,656,657}	2025-06-20 20:17:48.199615+09	85
255	{763,764,765}	2025-06-20 20:17:48.365674+09	100
237	{709,710,711}	2025-06-20 20:17:48.282158+09	93
220	{658,659,660}	2025-06-20 20:17:48.205521+09	86
229	{685,686,687}	2025-06-20 20:17:48.248319+09	91
249	{745,746,747}	2025-06-20 20:17:48.337874+09	98
230	{688,689,690}	2025-06-20 20:17:48.252103+09	91
244	{730,731,732}	2025-06-20 20:17:48.314149+09	96
238	{712,713,714}	2025-06-20 20:17:48.287793+09	94
231	{691,692,693}	2025-06-20 20:17:48.258158+09	92
232	{694,695,696}	2025-06-20 20:17:48.261851+09	92
239	{715,716,717}	2025-06-20 20:17:48.291337+09	94
245	{733,734,735}	2025-06-20 20:17:48.317826+09	96
240	{718,719,720}	2025-06-20 20:17:48.297511+09	95
253	{757,758,759}	2025-06-20 20:17:48.356052+09	99
250	{748,749,750}	2025-06-20 20:17:48.341303+09	98
241	{721,722,723}	2025-06-20 20:17:48.300973+09	95
246	{736,737,738}	2025-06-20 20:17:48.324325+09	97
247	{739,740,741}	2025-06-20 20:17:48.330405+09	98
257	{769,770,771}	2025-06-20 20:17:48.373058+09	100
251	{751,752,753}	2025-06-20 20:17:48.348759+09	99
256	{766,767,768}	2025-06-20 20:17:48.369548+09	100
254	{760,761,762}	2025-06-20 20:17:48.359605+09	99
\.


--
-- Data for Name: tbl_tags; Type: TABLE DATA; Schema: public; Owner: postgres
--

COPY public.tbl_tags (id, tag_name, language_id, add_date, rel_id, company_id) FROM stdin;
1	태그_4	1	2025-06-20 20:17:47.185498+09	1	1
2	tag_4	3	2025-06-20 20:17:47.185498+09	1	1
3	タグ_4	2	2025-06-20 20:17:47.185498+09	1	1
4	태그_20	1	2025-06-20 20:17:47.192227+09	2	1
5	tag_20	3	2025-06-20 20:17:47.192227+09	2	1
6	タグ_20	2	2025-06-20 20:17:47.192227+09	2	1
7	태그_16	1	2025-06-20 20:17:47.196161+09	3	1
8	tag_16	3	2025-06-20 20:17:47.196161+09	3	1
9	タグ_16	2	2025-06-20 20:17:47.196161+09	3	1
10	태그_24	1	2025-06-20 20:17:47.202497+09	4	2
11	tag_24	3	2025-06-20 20:17:47.202497+09	4	2
12	タグ_24	2	2025-06-20 20:17:47.202497+09	4	2
13	태그_27	1	2025-06-20 20:17:47.20597+09	5	2
14	tag_27	3	2025-06-20 20:17:47.20597+09	5	2
15	タグ_27	2	2025-06-20 20:17:47.20597+09	5	2
16	태그_4	1	2025-06-20 20:17:47.209375+09	6	2
17	tag_4	3	2025-06-20 20:17:47.209375+09	6	2
18	タグ_4	2	2025-06-20 20:17:47.209375+09	6	2
19	태그_25	1	2025-06-20 20:17:47.215849+09	7	3
20	tag_25	3	2025-06-20 20:17:47.215849+09	7	3
21	タグ_25	2	2025-06-20 20:17:47.215849+09	7	3
22	태그_6	1	2025-06-20 20:17:47.219642+09	8	3
23	tag_6	3	2025-06-20 20:17:47.219642+09	8	3
24	タグ_6	2	2025-06-20 20:17:47.219642+09	8	3
25	태그_14	1	2025-06-20 20:17:47.223078+09	9	3
26	tag_14	3	2025-06-20 20:17:47.223078+09	9	3
27	タグ_14	2	2025-06-20 20:17:47.223078+09	9	3
28	태그_9	1	2025-06-20 20:17:47.22649+09	10	3
29	tag_9	3	2025-06-20 20:17:47.22649+09	10	3
30	タグ_9	2	2025-06-20 20:17:47.22649+09	10	3
31	태그_25	1	2025-06-20 20:17:47.23325+09	11	4
32	tag_25	3	2025-06-20 20:17:47.23325+09	11	4
33	タグ_25	2	2025-06-20 20:17:47.23325+09	11	4
34	태그_1	1	2025-06-20 20:17:47.239298+09	12	5
35	tag_1	3	2025-06-20 20:17:47.239298+09	12	5
36	タグ_1	2	2025-06-20 20:17:47.239298+09	12	5
37	태그_23	1	2025-06-20 20:17:47.242655+09	13	5
38	tag_23	3	2025-06-20 20:17:47.242655+09	13	5
39	タグ_23	2	2025-06-20 20:17:47.242655+09	13	5
40	태그_28	1	2025-06-20 20:17:47.246247+09	14	5
41	tag_28	3	2025-06-20 20:17:47.246247+09	14	5
42	タグ_28	2	2025-06-20 20:17:47.246247+09	14	5
43	태그_14	1	2025-06-20 20:17:47.250014+09	15	5
44	tag_14	3	2025-06-20 20:17:47.250014+09	15	5
45	タグ_14	2	2025-06-20 20:17:47.250014+09	15	5
46	태그_22	1	2025-06-20 20:17:47.255607+09	16	6
47	tag_22	3	2025-06-20 20:17:47.255607+09	16	6
48	タグ_22	2	2025-06-20 20:17:47.255607+09	16	6
49	태그_29	1	2025-06-20 20:17:47.259487+09	17	6
50	tag_29	3	2025-06-20 20:17:47.259487+09	17	6
51	タグ_29	2	2025-06-20 20:17:47.259487+09	17	6
52	태그_2	1	2025-06-20 20:17:47.263147+09	18	6
53	tag_2	3	2025-06-20 20:17:47.263147+09	18	6
54	タグ_2	2	2025-06-20 20:17:47.263147+09	18	6
55	태그_13	1	2025-06-20 20:17:47.266633+09	19	6
56	tag_13	3	2025-06-20 20:17:47.266633+09	19	6
57	タグ_13	2	2025-06-20 20:17:47.266633+09	19	6
58	태그_8	1	2025-06-20 20:17:47.272529+09	20	7
59	tag_8	3	2025-06-20 20:17:47.272529+09	20	7
60	タグ_8	2	2025-06-20 20:17:47.272529+09	20	7
61	태그_5	1	2025-06-20 20:17:47.279242+09	21	8
62	tag_5	3	2025-06-20 20:17:47.279242+09	21	8
63	タグ_5	2	2025-06-20 20:17:47.279242+09	21	8
64	태그_11	1	2025-06-20 20:17:47.282666+09	22	8
65	tag_11	3	2025-06-20 20:17:47.282666+09	22	8
66	タグ_11	2	2025-06-20 20:17:47.282666+09	22	8
67	태그_26	1	2025-06-20 20:17:47.286225+09	23	8
68	tag_26	3	2025-06-20 20:17:47.286225+09	23	8
69	タグ_26	2	2025-06-20 20:17:47.286225+09	23	8
70	태그_1	1	2025-06-20 20:17:47.289746+09	24	8
71	tag_1	3	2025-06-20 20:17:47.289746+09	24	8
72	タグ_1	2	2025-06-20 20:17:47.289746+09	24	8
73	태그_11	1	2025-06-20 20:17:47.295678+09	25	9
74	tag_11	3	2025-06-20 20:17:47.295678+09	25	9
75	タグ_11	2	2025-06-20 20:17:47.295678+09	25	9
76	태그_21	1	2025-06-20 20:17:47.299273+09	26	9
77	tag_21	3	2025-06-20 20:17:47.299273+09	26	9
78	タグ_21	2	2025-06-20 20:17:47.299273+09	26	9
79	태그_2	1	2025-06-20 20:17:47.305004+09	27	10
80	tag_2	3	2025-06-20 20:17:47.305004+09	27	10
81	タグ_2	2	2025-06-20 20:17:47.305004+09	27	10
82	태그_16	1	2025-06-20 20:17:47.308505+09	28	10
83	tag_16	3	2025-06-20 20:17:47.308505+09	28	10
84	タグ_16	2	2025-06-20 20:17:47.308505+09	28	10
85	태그_13	1	2025-06-20 20:17:47.313903+09	29	11
86	tag_13	3	2025-06-20 20:17:47.313903+09	29	11
87	タグ_13	2	2025-06-20 20:17:47.313903+09	29	11
88	태그_5	1	2025-06-20 20:17:47.31748+09	30	11
89	tag_5	3	2025-06-20 20:17:47.31748+09	30	11
90	タグ_5	2	2025-06-20 20:17:47.31748+09	30	11
91	태그_12	1	2025-06-20 20:17:47.32085+09	31	11
92	tag_12	3	2025-06-20 20:17:47.32085+09	31	11
93	タグ_12	2	2025-06-20 20:17:47.32085+09	31	11
94	태그_19	1	2025-06-20 20:17:47.326877+09	32	12
95	tag_19	3	2025-06-20 20:17:47.326877+09	32	12
96	タグ_19	2	2025-06-20 20:17:47.326877+09	32	12
97	태그_23	1	2025-06-20 20:17:47.333166+09	33	13
98	tag_23	3	2025-06-20 20:17:47.333166+09	33	13
99	タグ_23	2	2025-06-20 20:17:47.333166+09	33	13
100	태그_11	1	2025-06-20 20:17:47.33648+09	34	13
101	tag_11	3	2025-06-20 20:17:47.33648+09	34	13
102	タグ_11	2	2025-06-20 20:17:47.33648+09	34	13
103	태그_15	1	2025-06-20 20:17:47.340221+09	35	13
104	tag_15	3	2025-06-20 20:17:47.340221+09	35	13
105	タグ_15	2	2025-06-20 20:17:47.340221+09	35	13
106	태그_27	1	2025-06-20 20:17:47.346129+09	36	14
107	tag_27	3	2025-06-20 20:17:47.346129+09	36	14
108	タグ_27	2	2025-06-20 20:17:47.346129+09	36	14
109	태그_5	1	2025-06-20 20:17:47.350089+09	37	14
110	tag_5	3	2025-06-20 20:17:47.350089+09	37	14
111	タグ_5	2	2025-06-20 20:17:47.350089+09	37	14
112	태그_26	1	2025-06-20 20:17:47.353577+09	38	14
113	tag_26	3	2025-06-20 20:17:47.353577+09	38	14
114	タグ_26	2	2025-06-20 20:17:47.353577+09	38	14
115	태그_10	1	2025-06-20 20:17:47.360105+09	39	15
116	tag_10	3	2025-06-20 20:17:47.360105+09	39	15
117	タグ_10	2	2025-06-20 20:17:47.360105+09	39	15
118	태그_2	1	2025-06-20 20:17:47.364077+09	40	15
119	tag_2	3	2025-06-20 20:17:47.364077+09	40	15
120	タグ_2	2	2025-06-20 20:17:47.364077+09	40	15
121	태그_21	1	2025-06-20 20:17:47.367449+09	41	15
122	tag_21	3	2025-06-20 20:17:47.367449+09	41	15
123	タグ_21	2	2025-06-20 20:17:47.367449+09	41	15
124	태그_24	1	2025-06-20 20:17:47.370985+09	42	15
125	tag_24	3	2025-06-20 20:17:47.370985+09	42	15
126	タグ_24	2	2025-06-20 20:17:47.370985+09	42	15
127	태그_7	1	2025-06-20 20:17:47.376462+09	43	16
128	tag_7	3	2025-06-20 20:17:47.376462+09	43	16
129	タグ_7	2	2025-06-20 20:17:47.376462+09	43	16
130	태그_23	1	2025-06-20 20:17:47.379807+09	44	16
131	tag_23	3	2025-06-20 20:17:47.379807+09	44	16
132	タグ_23	2	2025-06-20 20:17:47.379807+09	44	16
133	태그_28	1	2025-06-20 20:17:47.383397+09	45	16
134	tag_28	3	2025-06-20 20:17:47.383397+09	45	16
135	タグ_28	2	2025-06-20 20:17:47.383397+09	45	16
136	태그_14	1	2025-06-20 20:17:47.389226+09	46	17
137	tag_14	3	2025-06-20 20:17:47.389226+09	46	17
138	タグ_14	2	2025-06-20 20:17:47.389226+09	46	17
139	태그_29	1	2025-06-20 20:17:47.39259+09	47	17
140	tag_29	3	2025-06-20 20:17:47.39259+09	47	17
141	タグ_29	2	2025-06-20 20:17:47.39259+09	47	17
142	태그_6	1	2025-06-20 20:17:47.396219+09	48	17
143	tag_6	3	2025-06-20 20:17:47.396219+09	48	17
144	タグ_6	2	2025-06-20 20:17:47.396219+09	48	17
145	태그_12	1	2025-06-20 20:17:47.402309+09	49	18
146	tag_12	3	2025-06-20 20:17:47.402309+09	49	18
147	タグ_12	2	2025-06-20 20:17:47.402309+09	49	18
148	태그_2	1	2025-06-20 20:17:47.40589+09	50	18
149	tag_2	3	2025-06-20 20:17:47.40589+09	50	18
150	タグ_2	2	2025-06-20 20:17:47.40589+09	50	18
151	태그_13	1	2025-06-20 20:17:47.412088+09	51	19
152	tag_13	3	2025-06-20 20:17:47.412088+09	51	19
153	タグ_13	2	2025-06-20 20:17:47.412088+09	51	19
154	태그_19	1	2025-06-20 20:17:47.415984+09	52	19
155	tag_19	3	2025-06-20 20:17:47.415984+09	52	19
156	タグ_19	2	2025-06-20 20:17:47.415984+09	52	19
157	태그_21	1	2025-06-20 20:17:47.423189+09	53	20
158	tag_21	3	2025-06-20 20:17:47.423189+09	53	20
159	タグ_21	2	2025-06-20 20:17:47.423189+09	53	20
160	태그_30	1	2025-06-20 20:17:47.426752+09	54	20
161	tag_30	3	2025-06-20 20:17:47.426752+09	54	20
162	タグ_30	2	2025-06-20 20:17:47.426752+09	54	20
163	태그_12	1	2025-06-20 20:17:47.43042+09	55	20
164	tag_12	3	2025-06-20 20:17:47.43042+09	55	20
165	タグ_12	2	2025-06-20 20:17:47.43042+09	55	20
166	태그_28	1	2025-06-20 20:17:47.434234+09	56	20
167	tag_28	3	2025-06-20 20:17:47.434234+09	56	20
168	タグ_28	2	2025-06-20 20:17:47.434234+09	56	20
169	태그_7	1	2025-06-20 20:17:47.439827+09	57	21
170	tag_7	3	2025-06-20 20:17:47.439827+09	57	21
171	タグ_7	2	2025-06-20 20:17:47.439827+09	57	21
172	태그_19	1	2025-06-20 20:17:47.44341+09	58	21
173	tag_19	3	2025-06-20 20:17:47.44341+09	58	21
174	タグ_19	2	2025-06-20 20:17:47.44341+09	58	21
175	태그_12	1	2025-06-20 20:17:47.446856+09	59	21
176	tag_12	3	2025-06-20 20:17:47.446856+09	59	21
177	タグ_12	2	2025-06-20 20:17:47.446856+09	59	21
178	태그_17	1	2025-06-20 20:17:47.450456+09	60	21
179	tag_17	3	2025-06-20 20:17:47.450456+09	60	21
180	タグ_17	2	2025-06-20 20:17:47.450456+09	60	21
181	태그_1	1	2025-06-20 20:17:47.456266+09	61	22
182	tag_1	3	2025-06-20 20:17:47.456266+09	61	22
183	タグ_1	2	2025-06-20 20:17:47.456266+09	61	22
184	태그_9	1	2025-06-20 20:17:47.459669+09	62	22
185	tag_9	3	2025-06-20 20:17:47.459669+09	62	22
186	タグ_9	2	2025-06-20 20:17:47.459669+09	62	22
187	태그_17	1	2025-06-20 20:17:47.463275+09	63	22
188	tag_17	3	2025-06-20 20:17:47.463275+09	63	22
189	タグ_17	2	2025-06-20 20:17:47.463275+09	63	22
190	태그_14	1	2025-06-20 20:17:47.466876+09	64	22
191	tag_14	3	2025-06-20 20:17:47.466876+09	64	22
192	タグ_14	2	2025-06-20 20:17:47.466876+09	64	22
193	태그_6	1	2025-06-20 20:17:47.472319+09	65	23
194	tag_6	3	2025-06-20 20:17:47.472319+09	65	23
195	タグ_6	2	2025-06-20 20:17:47.472319+09	65	23
196	태그_26	1	2025-06-20 20:17:47.478445+09	66	24
197	tag_26	3	2025-06-20 20:17:47.478445+09	66	24
198	タグ_26	2	2025-06-20 20:17:47.478445+09	66	24
199	태그_28	1	2025-06-20 20:17:47.48454+09	67	25
200	tag_28	3	2025-06-20 20:17:47.48454+09	67	25
201	タグ_28	2	2025-06-20 20:17:47.48454+09	67	25
202	태그_25	1	2025-06-20 20:17:47.48824+09	68	25
203	tag_25	3	2025-06-20 20:17:47.48824+09	68	25
204	タグ_25	2	2025-06-20 20:17:47.48824+09	68	25
205	태그_7	1	2025-06-20 20:17:47.49194+09	69	25
206	tag_7	3	2025-06-20 20:17:47.49194+09	69	25
207	タグ_7	2	2025-06-20 20:17:47.49194+09	69	25
208	태그_13	1	2025-06-20 20:17:47.496149+09	70	25
209	tag_13	3	2025-06-20 20:17:47.496149+09	70	25
210	タグ_13	2	2025-06-20 20:17:47.496149+09	70	25
211	태그_2	1	2025-06-20 20:17:47.503919+09	71	26
212	tag_2	3	2025-06-20 20:17:47.503919+09	71	26
213	タグ_2	2	2025-06-20 20:17:47.503919+09	71	26
214	태그_8	1	2025-06-20 20:17:47.508116+09	72	26
215	tag_8	3	2025-06-20 20:17:47.508116+09	72	26
216	タグ_8	2	2025-06-20 20:17:47.508116+09	72	26
217	태그_22	1	2025-06-20 20:17:47.512305+09	73	26
218	tag_22	3	2025-06-20 20:17:47.512305+09	73	26
219	タグ_22	2	2025-06-20 20:17:47.512305+09	73	26
220	태그_27	1	2025-06-20 20:17:47.516224+09	74	26
221	tag_27	3	2025-06-20 20:17:47.516224+09	74	26
222	タグ_27	2	2025-06-20 20:17:47.516224+09	74	26
223	태그_27	1	2025-06-20 20:17:47.522945+09	75	27
224	tag_27	3	2025-06-20 20:17:47.522945+09	75	27
225	タグ_27	2	2025-06-20 20:17:47.522945+09	75	27
226	태그_6	1	2025-06-20 20:17:47.527017+09	76	27
227	tag_6	3	2025-06-20 20:17:47.527017+09	76	27
228	タグ_6	2	2025-06-20 20:17:47.527017+09	76	27
229	태그_11	1	2025-06-20 20:17:47.531186+09	77	27
230	tag_11	3	2025-06-20 20:17:47.531186+09	77	27
231	タグ_11	2	2025-06-20 20:17:47.531186+09	77	27
232	태그_24	1	2025-06-20 20:17:47.538812+09	78	28
233	tag_24	3	2025-06-20 20:17:47.538812+09	78	28
234	タグ_24	2	2025-06-20 20:17:47.538812+09	78	28
235	태그_23	1	2025-06-20 20:17:47.54298+09	79	28
236	tag_23	3	2025-06-20 20:17:47.54298+09	79	28
237	タグ_23	2	2025-06-20 20:17:47.54298+09	79	28
238	태그_26	1	2025-06-20 20:17:47.54696+09	80	28
239	tag_26	3	2025-06-20 20:17:47.54696+09	80	28
240	タグ_26	2	2025-06-20 20:17:47.54696+09	80	28
241	태그_29	1	2025-06-20 20:17:47.550992+09	81	28
242	tag_29	3	2025-06-20 20:17:47.550992+09	81	28
243	タグ_29	2	2025-06-20 20:17:47.550992+09	81	28
244	태그_12	1	2025-06-20 20:17:47.556835+09	82	29
245	tag_12	3	2025-06-20 20:17:47.556835+09	82	29
246	タグ_12	2	2025-06-20 20:17:47.556835+09	82	29
247	태그_6	1	2025-06-20 20:17:47.560795+09	83	29
248	tag_6	3	2025-06-20 20:17:47.560795+09	83	29
249	タグ_6	2	2025-06-20 20:17:47.560795+09	83	29
250	태그_8	1	2025-06-20 20:17:47.564321+09	84	29
251	tag_8	3	2025-06-20 20:17:47.564321+09	84	29
252	タグ_8	2	2025-06-20 20:17:47.564321+09	84	29
253	태그_30	1	2025-06-20 20:17:47.570436+09	85	30
254	tag_30	3	2025-06-20 20:17:47.570436+09	85	30
255	タグ_30	2	2025-06-20 20:17:47.570436+09	85	30
256	태그_17	1	2025-06-20 20:17:47.574278+09	86	30
257	tag_17	3	2025-06-20 20:17:47.574278+09	86	30
258	タグ_17	2	2025-06-20 20:17:47.574278+09	86	30
259	태그_18	1	2025-06-20 20:17:47.577811+09	87	30
260	tag_18	3	2025-06-20 20:17:47.577811+09	87	30
261	タグ_18	2	2025-06-20 20:17:47.577811+09	87	30
262	태그_17	1	2025-06-20 20:17:47.583504+09	88	31
263	tag_17	3	2025-06-20 20:17:47.583504+09	88	31
264	タグ_17	2	2025-06-20 20:17:47.583504+09	88	31
265	태그_27	1	2025-06-20 20:17:47.587273+09	89	31
266	tag_27	3	2025-06-20 20:17:47.587273+09	89	31
267	タグ_27	2	2025-06-20 20:17:47.587273+09	89	31
268	태그_28	1	2025-06-20 20:17:47.590892+09	90	31
269	tag_28	3	2025-06-20 20:17:47.590892+09	90	31
270	タグ_28	2	2025-06-20 20:17:47.590892+09	90	31
271	태그_6	1	2025-06-20 20:17:47.594291+09	91	31
272	tag_6	3	2025-06-20 20:17:47.594291+09	91	31
273	タグ_6	2	2025-06-20 20:17:47.594291+09	91	31
274	태그_2	1	2025-06-20 20:17:47.600369+09	92	32
275	tag_2	3	2025-06-20 20:17:47.600369+09	92	32
276	タグ_2	2	2025-06-20 20:17:47.600369+09	92	32
277	태그_18	1	2025-06-20 20:17:47.603783+09	93	32
278	tag_18	3	2025-06-20 20:17:47.603783+09	93	32
279	タグ_18	2	2025-06-20 20:17:47.603783+09	93	32
280	태그_26	1	2025-06-20 20:17:47.609821+09	94	33
281	tag_26	3	2025-06-20 20:17:47.609821+09	94	33
282	タグ_26	2	2025-06-20 20:17:47.609821+09	94	33
283	태그_11	1	2025-06-20 20:17:47.616459+09	95	34
284	tag_11	3	2025-06-20 20:17:47.616459+09	95	34
285	タグ_11	2	2025-06-20 20:17:47.616459+09	95	34
286	태그_17	1	2025-06-20 20:17:47.620984+09	96	34
287	tag_17	3	2025-06-20 20:17:47.620984+09	96	34
288	タグ_17	2	2025-06-20 20:17:47.620984+09	96	34
289	태그_7	1	2025-06-20 20:17:47.624909+09	97	34
290	tag_7	3	2025-06-20 20:17:47.624909+09	97	34
291	タグ_7	2	2025-06-20 20:17:47.624909+09	97	34
292	태그_14	1	2025-06-20 20:17:47.628355+09	98	34
293	tag_14	3	2025-06-20 20:17:47.628355+09	98	34
294	タグ_14	2	2025-06-20 20:17:47.628355+09	98	34
295	태그_10	1	2025-06-20 20:17:47.635278+09	99	35
296	tag_10	3	2025-06-20 20:17:47.635278+09	99	35
297	タグ_10	2	2025-06-20 20:17:47.635278+09	99	35
298	태그_3	1	2025-06-20 20:17:47.639563+09	100	35
299	tag_3	3	2025-06-20 20:17:47.639563+09	100	35
300	タグ_3	2	2025-06-20 20:17:47.639563+09	100	35
301	태그_18	1	2025-06-20 20:17:47.645543+09	101	36
302	tag_18	3	2025-06-20 20:17:47.645543+09	101	36
303	タグ_18	2	2025-06-20 20:17:47.645543+09	101	36
304	태그_17	1	2025-06-20 20:17:47.649183+09	102	36
305	tag_17	3	2025-06-20 20:17:47.649183+09	102	36
306	タグ_17	2	2025-06-20 20:17:47.649183+09	102	36
307	태그_4	1	2025-06-20 20:17:47.652993+09	103	36
308	tag_4	3	2025-06-20 20:17:47.652993+09	103	36
309	タグ_4	2	2025-06-20 20:17:47.652993+09	103	36
310	태그_14	1	2025-06-20 20:17:47.656397+09	104	36
311	tag_14	3	2025-06-20 20:17:47.656397+09	104	36
312	タグ_14	2	2025-06-20 20:17:47.656397+09	104	36
313	태그_15	1	2025-06-20 20:17:47.661973+09	105	37
314	tag_15	3	2025-06-20 20:17:47.661973+09	105	37
315	タグ_15	2	2025-06-20 20:17:47.661973+09	105	37
316	태그_29	1	2025-06-20 20:17:47.665342+09	106	37
317	tag_29	3	2025-06-20 20:17:47.665342+09	106	37
318	タグ_29	2	2025-06-20 20:17:47.665342+09	106	37
319	태그_27	1	2025-06-20 20:17:47.669361+09	107	37
320	tag_27	3	2025-06-20 20:17:47.669361+09	107	37
321	タグ_27	2	2025-06-20 20:17:47.669361+09	107	37
322	태그_26	1	2025-06-20 20:17:47.677008+09	108	38
323	tag_26	3	2025-06-20 20:17:47.677008+09	108	38
324	タグ_26	2	2025-06-20 20:17:47.677008+09	108	38
325	태그_13	1	2025-06-20 20:17:47.680742+09	109	38
326	tag_13	3	2025-06-20 20:17:47.680742+09	109	38
327	タグ_13	2	2025-06-20 20:17:47.680742+09	109	38
328	태그_22	1	2025-06-20 20:17:47.686983+09	110	39
329	tag_22	3	2025-06-20 20:17:47.686983+09	110	39
330	タグ_22	2	2025-06-20 20:17:47.686983+09	110	39
331	태그_30	1	2025-06-20 20:17:47.690706+09	111	39
332	tag_30	3	2025-06-20 20:17:47.690706+09	111	39
333	タグ_30	2	2025-06-20 20:17:47.690706+09	111	39
334	태그_7	1	2025-06-20 20:17:47.694113+09	112	39
335	tag_7	3	2025-06-20 20:17:47.694113+09	112	39
336	タグ_7	2	2025-06-20 20:17:47.694113+09	112	39
337	태그_4	1	2025-06-20 20:17:47.697618+09	113	39
338	tag_4	3	2025-06-20 20:17:47.697618+09	113	39
339	タグ_4	2	2025-06-20 20:17:47.697618+09	113	39
340	태그_3	1	2025-06-20 20:17:47.703579+09	114	40
341	tag_3	3	2025-06-20 20:17:47.703579+09	114	40
342	タグ_3	2	2025-06-20 20:17:47.703579+09	114	40
343	태그_26	1	2025-06-20 20:17:47.709061+09	115	41
344	tag_26	3	2025-06-20 20:17:47.709061+09	115	41
345	タグ_26	2	2025-06-20 20:17:47.709061+09	115	41
346	태그_9	1	2025-06-20 20:17:47.714895+09	116	42
347	tag_9	3	2025-06-20 20:17:47.714895+09	116	42
348	タグ_9	2	2025-06-20 20:17:47.714895+09	116	42
349	태그_14	1	2025-06-20 20:17:47.718295+09	117	42
350	tag_14	3	2025-06-20 20:17:47.718295+09	117	42
351	タグ_14	2	2025-06-20 20:17:47.718295+09	117	42
352	태그_11	1	2025-06-20 20:17:47.72201+09	118	42
353	tag_11	3	2025-06-20 20:17:47.72201+09	118	42
354	タグ_11	2	2025-06-20 20:17:47.72201+09	118	42
355	태그_13	1	2025-06-20 20:17:47.72585+09	119	42
356	tag_13	3	2025-06-20 20:17:47.72585+09	119	42
357	タグ_13	2	2025-06-20 20:17:47.72585+09	119	42
358	태그_29	1	2025-06-20 20:17:47.732005+09	120	43
359	tag_29	3	2025-06-20 20:17:47.732005+09	120	43
360	タグ_29	2	2025-06-20 20:17:47.732005+09	120	43
361	태그_18	1	2025-06-20 20:17:47.735564+09	121	43
362	tag_18	3	2025-06-20 20:17:47.735564+09	121	43
363	タグ_18	2	2025-06-20 20:17:47.735564+09	121	43
364	태그_21	1	2025-06-20 20:17:47.739477+09	122	43
365	tag_21	3	2025-06-20 20:17:47.739477+09	122	43
366	タグ_21	2	2025-06-20 20:17:47.739477+09	122	43
367	태그_26	1	2025-06-20 20:17:47.745668+09	123	44
368	tag_26	3	2025-06-20 20:17:47.745668+09	123	44
369	タグ_26	2	2025-06-20 20:17:47.745668+09	123	44
370	태그_24	1	2025-06-20 20:17:47.749173+09	124	44
371	tag_24	3	2025-06-20 20:17:47.749173+09	124	44
372	タグ_24	2	2025-06-20 20:17:47.749173+09	124	44
373	태그_10	1	2025-06-20 20:17:47.75329+09	125	44
374	tag_10	3	2025-06-20 20:17:47.75329+09	125	44
375	タグ_10	2	2025-06-20 20:17:47.75329+09	125	44
376	태그_27	1	2025-06-20 20:17:47.756784+09	126	44
377	tag_27	3	2025-06-20 20:17:47.756784+09	126	44
378	タグ_27	2	2025-06-20 20:17:47.756784+09	126	44
379	태그_29	1	2025-06-20 20:17:47.76265+09	127	45
380	tag_29	3	2025-06-20 20:17:47.76265+09	127	45
381	タグ_29	2	2025-06-20 20:17:47.76265+09	127	45
382	태그_2	1	2025-06-20 20:17:47.768562+09	128	46
383	tag_2	3	2025-06-20 20:17:47.768562+09	128	46
384	タグ_2	2	2025-06-20 20:17:47.768562+09	128	46
385	태그_22	1	2025-06-20 20:17:47.772193+09	129	46
386	tag_22	3	2025-06-20 20:17:47.772193+09	129	46
387	タグ_22	2	2025-06-20 20:17:47.772193+09	129	46
388	태그_27	1	2025-06-20 20:17:47.778501+09	130	47
389	tag_27	3	2025-06-20 20:17:47.778501+09	130	47
390	タグ_27	2	2025-06-20 20:17:47.778501+09	130	47
391	태그_25	1	2025-06-20 20:17:47.782797+09	131	47
392	tag_25	3	2025-06-20 20:17:47.782797+09	131	47
393	タグ_25	2	2025-06-20 20:17:47.782797+09	131	47
394	태그_6	1	2025-06-20 20:17:47.786621+09	132	47
395	tag_6	3	2025-06-20 20:17:47.786621+09	132	47
396	タグ_6	2	2025-06-20 20:17:47.786621+09	132	47
397	태그_14	1	2025-06-20 20:17:47.790504+09	133	47
398	tag_14	3	2025-06-20 20:17:47.790504+09	133	47
399	タグ_14	2	2025-06-20 20:17:47.790504+09	133	47
400	태그_3	1	2025-06-20 20:17:47.796813+09	134	48
401	tag_3	3	2025-06-20 20:17:47.796813+09	134	48
402	タグ_3	2	2025-06-20 20:17:47.796813+09	134	48
403	태그_25	1	2025-06-20 20:17:47.800364+09	135	48
404	tag_25	3	2025-06-20 20:17:47.800364+09	135	48
405	タグ_25	2	2025-06-20 20:17:47.800364+09	135	48
406	태그_25	1	2025-06-20 20:17:47.806461+09	136	49
407	tag_25	3	2025-06-20 20:17:47.806461+09	136	49
408	タグ_25	2	2025-06-20 20:17:47.806461+09	136	49
409	태그_15	1	2025-06-20 20:17:47.81376+09	137	50
410	tag_15	3	2025-06-20 20:17:47.81376+09	137	50
411	タグ_15	2	2025-06-20 20:17:47.81376+09	137	50
412	태그_19	1	2025-06-20 20:17:47.817269+09	138	50
413	tag_19	3	2025-06-20 20:17:47.817269+09	138	50
414	タグ_19	2	2025-06-20 20:17:47.817269+09	138	50
415	태그_11	1	2025-06-20 20:17:47.820953+09	139	50
416	tag_11	3	2025-06-20 20:17:47.820953+09	139	50
417	タグ_11	2	2025-06-20 20:17:47.820953+09	139	50
418	태그_22	1	2025-06-20 20:17:47.827036+09	140	51
419	tag_22	3	2025-06-20 20:17:47.827036+09	140	51
420	タグ_22	2	2025-06-20 20:17:47.827036+09	140	51
421	태그_10	1	2025-06-20 20:17:47.830708+09	141	51
422	tag_10	3	2025-06-20 20:17:47.830708+09	141	51
423	タグ_10	2	2025-06-20 20:17:47.830708+09	141	51
424	태그_4	1	2025-06-20 20:17:47.834589+09	142	51
425	tag_4	3	2025-06-20 20:17:47.834589+09	142	51
426	タグ_4	2	2025-06-20 20:17:47.834589+09	142	51
427	태그_28	1	2025-06-20 20:17:47.838018+09	143	51
428	tag_28	3	2025-06-20 20:17:47.838018+09	143	51
429	タグ_28	2	2025-06-20 20:17:47.838018+09	143	51
430	태그_19	1	2025-06-20 20:17:47.845168+09	144	52
431	tag_19	3	2025-06-20 20:17:47.845168+09	144	52
432	タグ_19	2	2025-06-20 20:17:47.845168+09	144	52
433	태그_2	1	2025-06-20 20:17:47.85154+09	145	53
434	tag_2	3	2025-06-20 20:17:47.85154+09	145	53
435	タグ_2	2	2025-06-20 20:17:47.85154+09	145	53
436	태그_19	1	2025-06-20 20:17:47.855323+09	146	53
437	tag_19	3	2025-06-20 20:17:47.855323+09	146	53
438	タグ_19	2	2025-06-20 20:17:47.855323+09	146	53
439	태그_8	1	2025-06-20 20:17:47.862719+09	147	54
440	tag_8	3	2025-06-20 20:17:47.862719+09	147	54
441	タグ_8	2	2025-06-20 20:17:47.862719+09	147	54
442	태그_6	1	2025-06-20 20:17:47.866681+09	148	54
443	tag_6	3	2025-06-20 20:17:47.866681+09	148	54
444	タグ_6	2	2025-06-20 20:17:47.866681+09	148	54
445	태그_20	1	2025-06-20 20:17:47.870615+09	149	54
446	tag_20	3	2025-06-20 20:17:47.870615+09	149	54
447	タグ_20	2	2025-06-20 20:17:47.870615+09	149	54
448	태그_26	1	2025-06-20 20:17:47.874758+09	150	54
449	tag_26	3	2025-06-20 20:17:47.874758+09	150	54
450	タグ_26	2	2025-06-20 20:17:47.874758+09	150	54
451	태그_11	1	2025-06-20 20:17:47.880899+09	151	55
452	tag_11	3	2025-06-20 20:17:47.880899+09	151	55
453	タグ_11	2	2025-06-20 20:17:47.880899+09	151	55
454	태그_1	1	2025-06-20 20:17:47.88449+09	152	55
455	tag_1	3	2025-06-20 20:17:47.88449+09	152	55
456	タグ_1	2	2025-06-20 20:17:47.88449+09	152	55
457	태그_25	1	2025-06-20 20:17:47.890353+09	153	56
458	tag_25	3	2025-06-20 20:17:47.890353+09	153	56
459	タグ_25	2	2025-06-20 20:17:47.890353+09	153	56
460	태그_29	1	2025-06-20 20:17:47.894213+09	154	56
461	tag_29	3	2025-06-20 20:17:47.894213+09	154	56
462	タグ_29	2	2025-06-20 20:17:47.894213+09	154	56
463	태그_14	1	2025-06-20 20:17:47.89775+09	155	56
464	tag_14	3	2025-06-20 20:17:47.89775+09	155	56
465	タグ_14	2	2025-06-20 20:17:47.89775+09	155	56
466	태그_3	1	2025-06-20 20:17:47.903505+09	156	57
467	tag_3	3	2025-06-20 20:17:47.903505+09	156	57
468	タグ_3	2	2025-06-20 20:17:47.903505+09	156	57
469	태그_23	1	2025-06-20 20:17:47.909338+09	157	58
470	tag_23	3	2025-06-20 20:17:47.909338+09	157	58
471	タグ_23	2	2025-06-20 20:17:47.909338+09	157	58
472	태그_15	1	2025-06-20 20:17:47.914973+09	158	59
473	tag_15	3	2025-06-20 20:17:47.914973+09	158	59
474	タグ_15	2	2025-06-20 20:17:47.914973+09	158	59
475	태그_28	1	2025-06-20 20:17:47.922754+09	159	60
476	tag_28	3	2025-06-20 20:17:47.922754+09	159	60
477	タグ_28	2	2025-06-20 20:17:47.922754+09	159	60
478	태그_17	1	2025-06-20 20:17:47.926205+09	160	60
479	tag_17	3	2025-06-20 20:17:47.926205+09	160	60
480	タグ_17	2	2025-06-20 20:17:47.926205+09	160	60
481	태그_17	1	2025-06-20 20:17:47.931743+09	161	61
482	tag_17	3	2025-06-20 20:17:47.931743+09	161	61
483	タグ_17	2	2025-06-20 20:17:47.931743+09	161	61
484	태그_19	1	2025-06-20 20:17:47.935404+09	162	61
485	tag_19	3	2025-06-20 20:17:47.935404+09	162	61
486	タグ_19	2	2025-06-20 20:17:47.935404+09	162	61
487	태그_2	1	2025-06-20 20:17:47.941074+09	163	62
488	tag_2	3	2025-06-20 20:17:47.941074+09	163	62
489	タグ_2	2	2025-06-20 20:17:47.941074+09	163	62
490	태그_10	1	2025-06-20 20:17:47.94449+09	164	62
491	tag_10	3	2025-06-20 20:17:47.94449+09	164	62
492	タグ_10	2	2025-06-20 20:17:47.94449+09	164	62
493	태그_21	1	2025-06-20 20:17:47.948231+09	165	62
494	tag_21	3	2025-06-20 20:17:47.948231+09	165	62
495	タグ_21	2	2025-06-20 20:17:47.948231+09	165	62
496	태그_7	1	2025-06-20 20:17:47.954605+09	166	63
497	tag_7	3	2025-06-20 20:17:47.954605+09	166	63
498	タグ_7	2	2025-06-20 20:17:47.954605+09	166	63
499	태그_20	1	2025-06-20 20:17:47.958061+09	167	63
500	tag_20	3	2025-06-20 20:17:47.958061+09	167	63
501	タグ_20	2	2025-06-20 20:17:47.958061+09	167	63
502	태그_4	1	2025-06-20 20:17:47.964534+09	168	64
503	tag_4	3	2025-06-20 20:17:47.964534+09	168	64
504	タグ_4	2	2025-06-20 20:17:47.964534+09	168	64
505	태그_30	1	2025-06-20 20:17:47.968274+09	169	64
506	tag_30	3	2025-06-20 20:17:47.968274+09	169	64
507	タグ_30	2	2025-06-20 20:17:47.968274+09	169	64
508	태그_19	1	2025-06-20 20:17:47.972078+09	170	64
509	tag_19	3	2025-06-20 20:17:47.972078+09	170	64
510	タグ_19	2	2025-06-20 20:17:47.972078+09	170	64
511	태그_28	1	2025-06-20 20:17:47.975651+09	171	64
512	tag_28	3	2025-06-20 20:17:47.975651+09	171	64
513	タグ_28	2	2025-06-20 20:17:47.975651+09	171	64
514	태그_30	1	2025-06-20 20:17:47.98126+09	172	65
515	tag_30	3	2025-06-20 20:17:47.98126+09	172	65
516	タグ_30	2	2025-06-20 20:17:47.98126+09	172	65
517	태그_17	1	2025-06-20 20:17:47.985064+09	173	65
518	tag_17	3	2025-06-20 20:17:47.985064+09	173	65
519	タグ_17	2	2025-06-20 20:17:47.985064+09	173	65
520	태그_9	1	2025-06-20 20:17:47.98865+09	174	65
521	tag_9	3	2025-06-20 20:17:47.98865+09	174	65
522	タグ_9	2	2025-06-20 20:17:47.98865+09	174	65
523	태그_1	1	2025-06-20 20:17:47.994267+09	175	66
524	tag_1	3	2025-06-20 20:17:47.994267+09	175	66
525	タグ_1	2	2025-06-20 20:17:47.994267+09	175	66
526	태그_16	1	2025-06-20 20:17:47.997968+09	176	66
527	tag_16	3	2025-06-20 20:17:47.997968+09	176	66
528	タグ_16	2	2025-06-20 20:17:47.997968+09	176	66
529	태그_5	1	2025-06-20 20:17:48.001476+09	177	66
530	tag_5	3	2025-06-20 20:17:48.001476+09	177	66
531	タグ_5	2	2025-06-20 20:17:48.001476+09	177	66
532	태그_13	1	2025-06-20 20:17:48.007679+09	178	67
533	tag_13	3	2025-06-20 20:17:48.007679+09	178	67
534	タグ_13	2	2025-06-20 20:17:48.007679+09	178	67
535	태그_27	1	2025-06-20 20:17:48.011137+09	179	67
536	tag_27	3	2025-06-20 20:17:48.011137+09	179	67
537	タグ_27	2	2025-06-20 20:17:48.011137+09	179	67
538	태그_24	1	2025-06-20 20:17:48.014732+09	180	67
539	tag_24	3	2025-06-20 20:17:48.014732+09	180	67
540	タグ_24	2	2025-06-20 20:17:48.014732+09	180	67
541	태그_29	1	2025-06-20 20:17:48.020507+09	181	68
542	tag_29	3	2025-06-20 20:17:48.020507+09	181	68
543	タグ_29	2	2025-06-20 20:17:48.020507+09	181	68
544	태그_24	1	2025-06-20 20:17:48.026231+09	182	69
545	tag_24	3	2025-06-20 20:17:48.026231+09	182	69
546	タグ_24	2	2025-06-20 20:17:48.026231+09	182	69
547	태그_19	1	2025-06-20 20:17:48.032271+09	183	70
548	tag_19	3	2025-06-20 20:17:48.032271+09	183	70
549	タグ_19	2	2025-06-20 20:17:48.032271+09	183	70
550	태그_9	1	2025-06-20 20:17:48.036378+09	184	70
551	tag_9	3	2025-06-20 20:17:48.036378+09	184	70
552	タグ_9	2	2025-06-20 20:17:48.036378+09	184	70
553	태그_6	1	2025-06-20 20:17:48.042534+09	185	71
554	tag_6	3	2025-06-20 20:17:48.042534+09	185	71
555	タグ_6	2	2025-06-20 20:17:48.042534+09	185	71
556	태그_2	1	2025-06-20 20:17:48.046634+09	186	71
557	tag_2	3	2025-06-20 20:17:48.046634+09	186	71
558	タグ_2	2	2025-06-20 20:17:48.046634+09	186	71
559	태그_28	1	2025-06-20 20:17:48.052204+09	187	72
560	tag_28	3	2025-06-20 20:17:48.052204+09	187	72
561	タグ_28	2	2025-06-20 20:17:48.052204+09	187	72
562	태그_3	1	2025-06-20 20:17:48.057743+09	188	73
563	tag_3	3	2025-06-20 20:17:48.057743+09	188	73
564	タグ_3	2	2025-06-20 20:17:48.057743+09	188	73
565	태그_13	1	2025-06-20 20:17:48.061599+09	189	73
566	tag_13	3	2025-06-20 20:17:48.061599+09	189	73
567	タグ_13	2	2025-06-20 20:17:48.061599+09	189	73
568	태그_1	1	2025-06-20 20:17:48.067788+09	190	74
569	tag_1	3	2025-06-20 20:17:48.067788+09	190	74
570	タグ_1	2	2025-06-20 20:17:48.067788+09	190	74
571	태그_26	1	2025-06-20 20:17:48.071487+09	191	74
572	tag_26	3	2025-06-20 20:17:48.071487+09	191	74
573	タグ_26	2	2025-06-20 20:17:48.071487+09	191	74
574	태그_19	1	2025-06-20 20:17:48.075045+09	192	74
575	tag_19	3	2025-06-20 20:17:48.075045+09	192	74
576	タグ_19	2	2025-06-20 20:17:48.075045+09	192	74
577	태그_17	1	2025-06-20 20:17:48.078876+09	193	74
578	tag_17	3	2025-06-20 20:17:48.078876+09	193	74
579	タグ_17	2	2025-06-20 20:17:48.078876+09	193	74
580	태그_14	1	2025-06-20 20:17:48.084953+09	194	75
581	tag_14	3	2025-06-20 20:17:48.084953+09	194	75
582	タグ_14	2	2025-06-20 20:17:48.084953+09	194	75
583	태그_15	1	2025-06-20 20:17:48.088923+09	195	75
584	tag_15	3	2025-06-20 20:17:48.088923+09	195	75
585	タグ_15	2	2025-06-20 20:17:48.088923+09	195	75
586	태그_24	1	2025-06-20 20:17:48.095073+09	196	76
587	tag_24	3	2025-06-20 20:17:48.095073+09	196	76
588	タグ_24	2	2025-06-20 20:17:48.095073+09	196	76
589	태그_16	1	2025-06-20 20:17:48.098546+09	197	76
590	tag_16	3	2025-06-20 20:17:48.098546+09	197	76
591	タグ_16	2	2025-06-20 20:17:48.098546+09	197	76
592	태그_19	1	2025-06-20 20:17:48.101956+09	198	76
593	tag_19	3	2025-06-20 20:17:48.101956+09	198	76
594	タグ_19	2	2025-06-20 20:17:48.101956+09	198	76
595	태그_29	1	2025-06-20 20:17:48.105655+09	199	76
596	tag_29	3	2025-06-20 20:17:48.105655+09	199	76
597	タグ_29	2	2025-06-20 20:17:48.105655+09	199	76
598	태그_26	1	2025-06-20 20:17:48.112042+09	200	77
599	tag_26	3	2025-06-20 20:17:48.112042+09	200	77
600	タグ_26	2	2025-06-20 20:17:48.112042+09	200	77
601	태그_11	1	2025-06-20 20:17:48.11575+09	201	77
602	tag_11	3	2025-06-20 20:17:48.11575+09	201	77
603	タグ_11	2	2025-06-20 20:17:48.11575+09	201	77
604	태그_16	1	2025-06-20 20:17:48.119649+09	202	77
605	tag_16	3	2025-06-20 20:17:48.119649+09	202	77
606	タグ_16	2	2025-06-20 20:17:48.119649+09	202	77
607	태그_15	1	2025-06-20 20:17:48.125531+09	203	78
608	tag_15	3	2025-06-20 20:17:48.125531+09	203	78
609	タグ_15	2	2025-06-20 20:17:48.125531+09	203	78
610	태그_14	1	2025-06-20 20:17:48.12895+09	204	78
611	tag_14	3	2025-06-20 20:17:48.12895+09	204	78
612	タグ_14	2	2025-06-20 20:17:48.12895+09	204	78
613	태그_30	1	2025-06-20 20:17:48.132363+09	205	78
614	tag_30	3	2025-06-20 20:17:48.132363+09	205	78
615	タグ_30	2	2025-06-20 20:17:48.132363+09	205	78
616	태그_29	1	2025-06-20 20:17:48.135851+09	206	78
617	tag_29	3	2025-06-20 20:17:48.135851+09	206	78
618	タグ_29	2	2025-06-20 20:17:48.135851+09	206	78
619	태그_12	1	2025-06-20 20:17:48.142129+09	207	79
620	tag_12	3	2025-06-20 20:17:48.142129+09	207	79
621	タグ_12	2	2025-06-20 20:17:48.142129+09	207	79
622	태그_25	1	2025-06-20 20:17:48.148247+09	208	80
623	tag_25	3	2025-06-20 20:17:48.148247+09	208	80
624	タグ_25	2	2025-06-20 20:17:48.148247+09	208	80
625	태그_13	1	2025-06-20 20:17:48.153895+09	209	81
626	tag_13	3	2025-06-20 20:17:48.153895+09	209	81
627	タグ_13	2	2025-06-20 20:17:48.153895+09	209	81
628	태그_21	1	2025-06-20 20:17:48.157808+09	210	81
629	tag_21	3	2025-06-20 20:17:48.157808+09	210	81
630	タグ_21	2	2025-06-20 20:17:48.157808+09	210	81
631	태그_28	1	2025-06-20 20:17:48.16167+09	211	81
632	tag_28	3	2025-06-20 20:17:48.16167+09	211	81
633	タグ_28	2	2025-06-20 20:17:48.16167+09	211	81
634	태그_25	1	2025-06-20 20:17:48.167901+09	212	82
635	tag_25	3	2025-06-20 20:17:48.167901+09	212	82
636	タグ_25	2	2025-06-20 20:17:48.167901+09	212	82
637	태그_26	1	2025-06-20 20:17:48.171484+09	213	82
638	tag_26	3	2025-06-20 20:17:48.171484+09	213	82
639	タグ_26	2	2025-06-20 20:17:48.171484+09	213	82
640	태그_1	1	2025-06-20 20:17:48.177545+09	214	83
641	tag_1	3	2025-06-20 20:17:48.177545+09	214	83
642	タグ_1	2	2025-06-20 20:17:48.177545+09	214	83
643	태그_20	1	2025-06-20 20:17:48.181011+09	215	83
644	tag_20	3	2025-06-20 20:17:48.181011+09	215	83
645	タグ_20	2	2025-06-20 20:17:48.181011+09	215	83
646	태그_9	1	2025-06-20 20:17:48.186819+09	216	84
647	tag_9	3	2025-06-20 20:17:48.186819+09	216	84
648	タグ_9	2	2025-06-20 20:17:48.186819+09	216	84
649	태그_10	1	2025-06-20 20:17:48.190592+09	217	84
650	tag_10	3	2025-06-20 20:17:48.190592+09	217	84
651	タグ_10	2	2025-06-20 20:17:48.190592+09	217	84
652	태그_5	1	2025-06-20 20:17:48.194044+09	218	84
653	tag_5	3	2025-06-20 20:17:48.194044+09	218	84
654	タグ_5	2	2025-06-20 20:17:48.194044+09	218	84
655	태그_1	1	2025-06-20 20:17:48.199615+09	219	85
656	tag_1	3	2025-06-20 20:17:48.199615+09	219	85
657	タグ_1	2	2025-06-20 20:17:48.199615+09	219	85
658	태그_30	1	2025-06-20 20:17:48.205521+09	220	86
659	tag_30	3	2025-06-20 20:17:48.205521+09	220	86
660	タグ_30	2	2025-06-20 20:17:48.205521+09	220	86
661	태그_7	1	2025-06-20 20:17:48.21117+09	221	87
662	tag_7	3	2025-06-20 20:17:48.21117+09	221	87
663	タグ_7	2	2025-06-20 20:17:48.21117+09	221	87
664	태그_16	1	2025-06-20 20:17:48.216699+09	222	88
665	tag_16	3	2025-06-20 20:17:48.216699+09	222	88
666	タグ_16	2	2025-06-20 20:17:48.216699+09	222	88
667	태그_29	1	2025-06-20 20:17:48.220443+09	223	88
668	tag_29	3	2025-06-20 20:17:48.220443+09	223	88
669	タグ_29	2	2025-06-20 20:17:48.220443+09	223	88
670	태그_29	1	2025-06-20 20:17:48.226081+09	224	89
671	tag_29	3	2025-06-20 20:17:48.226081+09	224	89
672	タグ_29	2	2025-06-20 20:17:48.226081+09	224	89
673	태그_7	1	2025-06-20 20:17:48.229503+09	225	89
674	tag_7	3	2025-06-20 20:17:48.229503+09	225	89
675	タグ_7	2	2025-06-20 20:17:48.229503+09	225	89
676	태그_11	1	2025-06-20 20:17:48.235057+09	226	90
677	tag_11	3	2025-06-20 20:17:48.235057+09	226	90
678	タグ_11	2	2025-06-20 20:17:48.235057+09	226	90
679	태그_11	1	2025-06-20 20:17:48.240993+09	227	91
680	tag_11	3	2025-06-20 20:17:48.240993+09	227	91
681	タグ_11	2	2025-06-20 20:17:48.240993+09	227	91
682	태그_8	1	2025-06-20 20:17:48.244451+09	228	91
683	tag_8	3	2025-06-20 20:17:48.244451+09	228	91
684	タグ_8	2	2025-06-20 20:17:48.244451+09	228	91
685	태그_3	1	2025-06-20 20:17:48.248319+09	229	91
686	tag_3	3	2025-06-20 20:17:48.248319+09	229	91
687	タグ_3	2	2025-06-20 20:17:48.248319+09	229	91
688	태그_4	1	2025-06-20 20:17:48.252103+09	230	91
689	tag_4	3	2025-06-20 20:17:48.252103+09	230	91
690	タグ_4	2	2025-06-20 20:17:48.252103+09	230	91
691	태그_8	1	2025-06-20 20:17:48.258158+09	231	92
692	tag_8	3	2025-06-20 20:17:48.258158+09	231	92
693	タグ_8	2	2025-06-20 20:17:48.258158+09	231	92
694	태그_18	1	2025-06-20 20:17:48.261851+09	232	92
695	tag_18	3	2025-06-20 20:17:48.261851+09	232	92
696	タグ_18	2	2025-06-20 20:17:48.261851+09	232	92
697	태그_16	1	2025-06-20 20:17:48.265364+09	233	92
698	tag_16	3	2025-06-20 20:17:48.265364+09	233	92
699	タグ_16	2	2025-06-20 20:17:48.265364+09	233	92
700	태그_2	1	2025-06-20 20:17:48.271335+09	234	93
701	tag_2	3	2025-06-20 20:17:48.271335+09	234	93
702	タグ_2	2	2025-06-20 20:17:48.271335+09	234	93
703	태그_16	1	2025-06-20 20:17:48.274724+09	235	93
704	tag_16	3	2025-06-20 20:17:48.274724+09	235	93
705	タグ_16	2	2025-06-20 20:17:48.274724+09	235	93
706	태그_6	1	2025-06-20 20:17:48.278483+09	236	93
707	tag_6	3	2025-06-20 20:17:48.278483+09	236	93
708	タグ_6	2	2025-06-20 20:17:48.278483+09	236	93
709	태그_18	1	2025-06-20 20:17:48.282158+09	237	93
710	tag_18	3	2025-06-20 20:17:48.282158+09	237	93
711	タグ_18	2	2025-06-20 20:17:48.282158+09	237	93
712	태그_11	1	2025-06-20 20:17:48.287793+09	238	94
713	tag_11	3	2025-06-20 20:17:48.287793+09	238	94
714	タグ_11	2	2025-06-20 20:17:48.287793+09	238	94
715	태그_2	1	2025-06-20 20:17:48.291337+09	239	94
716	tag_2	3	2025-06-20 20:17:48.291337+09	239	94
717	タグ_2	2	2025-06-20 20:17:48.291337+09	239	94
718	태그_8	1	2025-06-20 20:17:48.297511+09	240	95
719	tag_8	3	2025-06-20 20:17:48.297511+09	240	95
720	タグ_8	2	2025-06-20 20:17:48.297511+09	240	95
721	태그_29	1	2025-06-20 20:17:48.300973+09	241	95
722	tag_29	3	2025-06-20 20:17:48.300973+09	241	95
723	タグ_29	2	2025-06-20 20:17:48.300973+09	241	95
724	태그_15	1	2025-06-20 20:17:48.304414+09	242	95
725	tag_15	3	2025-06-20 20:17:48.304414+09	242	95
726	タグ_15	2	2025-06-20 20:17:48.304414+09	242	95
727	태그_11	1	2025-06-20 20:17:48.308158+09	243	95
728	tag_11	3	2025-06-20 20:17:48.308158+09	243	95
729	タグ_11	2	2025-06-20 20:17:48.308158+09	243	95
730	태그_11	1	2025-06-20 20:17:48.314149+09	244	96
731	tag_11	3	2025-06-20 20:17:48.314149+09	244	96
732	タグ_11	2	2025-06-20 20:17:48.314149+09	244	96
733	태그_27	1	2025-06-20 20:17:48.317826+09	245	96
734	tag_27	3	2025-06-20 20:17:48.317826+09	245	96
735	タグ_27	2	2025-06-20 20:17:48.317826+09	245	96
736	태그_29	1	2025-06-20 20:17:48.324325+09	246	97
737	tag_29	3	2025-06-20 20:17:48.324325+09	246	97
738	タグ_29	2	2025-06-20 20:17:48.324325+09	246	97
739	태그_14	1	2025-06-20 20:17:48.330405+09	247	98
740	tag_14	3	2025-06-20 20:17:48.330405+09	247	98
741	タグ_14	2	2025-06-20 20:17:48.330405+09	247	98
742	태그_15	1	2025-06-20 20:17:48.334316+09	248	98
743	tag_15	3	2025-06-20 20:17:48.334316+09	248	98
744	タグ_15	2	2025-06-20 20:17:48.334316+09	248	98
745	태그_7	1	2025-06-20 20:17:48.337874+09	249	98
746	tag_7	3	2025-06-20 20:17:48.337874+09	249	98
747	タグ_7	2	2025-06-20 20:17:48.337874+09	249	98
748	태그_11	1	2025-06-20 20:17:48.341303+09	250	98
749	tag_11	3	2025-06-20 20:17:48.341303+09	250	98
750	タグ_11	2	2025-06-20 20:17:48.341303+09	250	98
751	태그_19	1	2025-06-20 20:17:48.348759+09	251	99
752	tag_19	3	2025-06-20 20:17:48.348759+09	251	99
753	タグ_19	2	2025-06-20 20:17:48.348759+09	251	99
754	태그_10	1	2025-06-20 20:17:48.352291+09	252	99
755	tag_10	3	2025-06-20 20:17:48.352291+09	252	99
756	タグ_10	2	2025-06-20 20:17:48.352291+09	252	99
757	태그_4	1	2025-06-20 20:17:48.356052+09	253	99
758	tag_4	3	2025-06-20 20:17:48.356052+09	253	99
759	タグ_4	2	2025-06-20 20:17:48.356052+09	253	99
760	태그_20	1	2025-06-20 20:17:48.359605+09	254	99
761	tag_20	3	2025-06-20 20:17:48.359605+09	254	99
762	タグ_20	2	2025-06-20 20:17:48.359605+09	254	99
763	태그_20	1	2025-06-20 20:17:48.365674+09	255	100
764	tag_20	3	2025-06-20 20:17:48.365674+09	255	100
765	タグ_20	2	2025-06-20 20:17:48.365674+09	255	100
766	태그_21	1	2025-06-20 20:17:48.369548+09	256	100
767	tag_21	3	2025-06-20 20:17:48.369548+09	256	100
768	タグ_21	2	2025-06-20 20:17:48.369548+09	256	100
769	태그_6	1	2025-06-20 20:17:48.373058+09	257	100
770	tag_6	3	2025-06-20 20:17:48.373058+09	257	100
771	タグ_6	2	2025-06-20 20:17:48.373058+09	257	100
\.


--
-- Name: compnay_names_id_seq; Type: SEQUENCE SET; Schema: public; Owner: postgres
--

SELECT pg_catalog.setval('public.compnay_names_id_seq', 109, true);


--
-- Name: tbl_company_ids_id_seq; Type: SEQUENCE SET; Schema: public; Owner: postgres
--

SELECT pg_catalog.setval('public.tbl_company_ids_id_seq', 100, true);


--
-- Name: tbl_languages_id_seq; Type: SEQUENCE SET; Schema: public; Owner: postgres
--

SELECT pg_catalog.setval('public.tbl_languages_id_seq', 3, true);


--
-- Name: tbl_tag_relation_id_seq; Type: SEQUENCE SET; Schema: public; Owner: postgres
--

SELECT pg_catalog.setval('public.tbl_tag_relation_id_seq', 257, true);


--
-- Name: tbl_tags_id_seq; Type: SEQUENCE SET; Schema: public; Owner: postgres
--

SELECT pg_catalog.setval('public.tbl_tags_id_seq', 771, true);


--
-- Name: untitled_table_217_id_seq; Type: SEQUENCE SET; Schema: public; Owner: postgres
--

SELECT pg_catalog.setval('public.untitled_table_217_id_seq', 100, true);


--
-- Name: tbl_company_ids tbl_company_ids_pkey; Type: CONSTRAINT; Schema: public; Owner: postgres
--

ALTER TABLE ONLY public.tbl_company_ids
    ADD CONSTRAINT tbl_company_ids_pkey PRIMARY KEY (id);


--
-- Name: tbl_company_names tbl_company_names_pkey; Type: CONSTRAINT; Schema: public; Owner: postgres
--

ALTER TABLE ONLY public.tbl_company_names
    ADD CONSTRAINT tbl_company_names_pkey PRIMARY KEY (id);


--
-- Name: tbl_languages tbl_languages_pkey; Type: CONSTRAINT; Schema: public; Owner: postgres
--

ALTER TABLE ONLY public.tbl_languages
    ADD CONSTRAINT tbl_languages_pkey PRIMARY KEY (id);


--
-- Name: tbl_tag_relations tbl_tag_relation_pkey; Type: CONSTRAINT; Schema: public; Owner: postgres
--

ALTER TABLE ONLY public.tbl_tag_relations
    ADD CONSTRAINT tbl_tag_relation_pkey PRIMARY KEY (id);


--
-- Name: tbl_tags tbl_tags_pkey; Type: CONSTRAINT; Schema: public; Owner: postgres
--

ALTER TABLE ONLY public.tbl_tags
    ADD CONSTRAINT tbl_tags_pkey PRIMARY KEY (id);


--
-- Name: tbl_company_name_relations untitled_table_217_pkey; Type: CONSTRAINT; Schema: public; Owner: postgres
--

ALTER TABLE ONLY public.tbl_company_name_relations
    ADD CONSTRAINT untitled_table_217_pkey PRIMARY KEY (id);


--
-- Name: tbl_compan_name_relations_compay_id_idx; Type: INDEX; Schema: public; Owner: postgres
--

CREATE UNIQUE INDEX tbl_compan_name_relations_compay_id_idx ON public.tbl_company_name_relations USING btree (company_id);


--
-- Name: tbl_company_ids_add_date_idx; Type: INDEX; Schema: public; Owner: postgres
--

CREATE INDEX tbl_company_ids_add_date_idx ON public.tbl_company_ids USING btree (add_date);


--
-- Name: tbl_company_names_company_id_idx; Type: INDEX; Schema: public; Owner: postgres
--

CREATE INDEX tbl_company_names_company_id_idx ON public.tbl_company_names USING btree (company_id);


--
-- Name: tbl_company_names_language_id_idx; Type: INDEX; Schema: public; Owner: postgres
--

CREATE INDEX tbl_company_names_language_id_idx ON public.tbl_company_names USING btree (language_id);


--
-- Name: tbl_company_names_rel_id_idx; Type: INDEX; Schema: public; Owner: postgres
--

CREATE INDEX tbl_company_names_rel_id_idx ON public.tbl_company_names USING btree (rel_id);


--
-- Name: tbl_tag_relations_company_id_idx; Type: INDEX; Schema: public; Owner: postgres
--

CREATE INDEX tbl_tag_relations_company_id_idx ON public.tbl_tag_relations USING btree (company_id);


--
-- Name: tbl_tags_company_id_idx; Type: INDEX; Schema: public; Owner: postgres
--

CREATE INDEX tbl_tags_company_id_idx ON public.tbl_tags USING btree (company_id);


--
-- Name: tbl_tags_language_id_idx; Type: INDEX; Schema: public; Owner: postgres
--

CREATE INDEX tbl_tags_language_id_idx ON public.tbl_tags USING btree (language_id);


--
-- Name: tbl_tags_rel_id_idx; Type: INDEX; Schema: public; Owner: postgres
--

CREATE INDEX tbl_tags_rel_id_idx ON public.tbl_tags USING btree (rel_id);


--
-- Name: tbl_company_name_relations tbl_company_name_relations_company_id_fkey; Type: FK CONSTRAINT; Schema: public; Owner: postgres
--

ALTER TABLE ONLY public.tbl_company_name_relations
    ADD CONSTRAINT tbl_company_name_relations_company_id_fkey FOREIGN KEY (company_id) REFERENCES public.tbl_company_ids(id);


--
-- Name: tbl_company_names tbl_company_names_rel_id_fkey; Type: FK CONSTRAINT; Schema: public; Owner: postgres
--

ALTER TABLE ONLY public.tbl_company_names
    ADD CONSTRAINT tbl_company_names_rel_id_fkey FOREIGN KEY (rel_id) REFERENCES public.tbl_company_name_relations(id);


--
-- Name: tbl_company_names tbl_compnay_names_compnay_id_fkey; Type: FK CONSTRAINT; Schema: public; Owner: postgres
--

ALTER TABLE ONLY public.tbl_company_names
    ADD CONSTRAINT tbl_compnay_names_compnay_id_fkey FOREIGN KEY (company_id) REFERENCES public.tbl_company_ids(id);


--
-- Name: tbl_company_names tbl_compnay_names_language_id_fkey; Type: FK CONSTRAINT; Schema: public; Owner: postgres
--

ALTER TABLE ONLY public.tbl_company_names
    ADD CONSTRAINT tbl_compnay_names_language_id_fkey FOREIGN KEY (language_id) REFERENCES public.tbl_languages(id);


--
-- Name: tbl_tag_relations tbl_tag_relations_compay_id_fkey; Type: FK CONSTRAINT; Schema: public; Owner: postgres
--

ALTER TABLE ONLY public.tbl_tag_relations
    ADD CONSTRAINT tbl_tag_relations_compay_id_fkey FOREIGN KEY (company_id) REFERENCES public.tbl_company_ids(id);


--
-- Name: tbl_tags tbl_tags_company_id_fkey; Type: FK CONSTRAINT; Schema: public; Owner: postgres
--

ALTER TABLE ONLY public.tbl_tags
    ADD CONSTRAINT tbl_tags_company_id_fkey FOREIGN KEY (company_id) REFERENCES public.tbl_company_ids(id);


--
-- Name: tbl_tags tbl_tags_language_id_fkey; Type: FK CONSTRAINT; Schema: public; Owner: postgres
--

ALTER TABLE ONLY public.tbl_tags
    ADD CONSTRAINT tbl_tags_language_id_fkey FOREIGN KEY (language_id) REFERENCES public.tbl_languages(id);


--
-- Name: tbl_tags tbl_tags_rel_id_fkey; Type: FK CONSTRAINT; Schema: public; Owner: postgres
--

ALTER TABLE ONLY public.tbl_tags
    ADD CONSTRAINT tbl_tags_rel_id_fkey FOREIGN KEY (rel_id) REFERENCES public.tbl_tag_relations(id);


--
-- PostgreSQL database dump complete
--

